Workbook

Sheet TIMESHEETS
G1: LAKNORD | BA1: 2014 | BB1: 1 | BC1: 41623 | BD1: 41636
BA2: 2014 | BB2: 2 | BC2: 41637 | BD2: 41650
W3: M | X3: = Maladie | BA3: 2014 | BB3: 3 | BC3: 41651 | BD3: 41664
G4: Time sheet | W4: F | X4: = Congé férié | BA4: 2014 | BB4: 4 | BC4: 41665 | BD4: 41678
W5: V | X5: = Vacances | BA5: 2014 | BB5: 5 | BC5: 41679 | BD5: 41692
W6: A | X6: = Absence sans paye | BA6: 2014 | BB6: 6 | BC6: 41693 | BD6: 41706
B7: Période de paye | G7: Période (jj/mm/aaaa) | K7: Période (jj/mm/aaaa) | W7: O | X7: = Autre (spécifier la raison dans les commentaires) | BA7: 2014 | BB7: 7 | BC7: 41707 | BD7: 41720
D8: Année | BA8: 2014 | BB8: 8 | BC8: 41721 | BD8: 41734
B9: 10 | D9: 2021 | E9: du | G9: 44311 | J9: au | K9: =IF(G9="","",G9+13) -> 44324 | P9: Heures rég./Bi-Hebdo. | U9: 80 | BA9: 2014 | BB9: 9 | BC9: 41735 | BD9: 41748
AM10: Total | AU10: Total | BA10: 2014 | BB10: 10 | BC10: 41749 | BD10: 41762
D11: No. d'employé | E11: Dept. | G11: =G9 -> 44311 | I11: =IF(G11="","",G11+1) -> 44312 | K11: =IF(I11="","",I11+1) -> 44313 | M11: =IF(K11="","",K11+1) -> 44314 | O11: =IF(M11="","",M11+1) -> 44315 | Q11: =IF(O11="","",O11+1) -> 44316 | S11: =IF(Q11="","",Q11+1) -> 44317 | W11: =IF(S11="","",S11+1) -> 44318 | Y11: =IF(W11="","",W11+1) -> 44319 | AA11: =IF(Y11="","",Y11+1) -> 44320 | AC11: =IF(AA11="","",AA11+1) -> 44321 | AE11: =IF(AC11="","",AC11+1) -> 44322 | AG11: =IF(AE11="","",AE11+1) -> 44323 | AI11: =IF(AG11="","",AG11+1) -> 44324 | AM11: Régulier | AN11: Overtime | AO11: Maladie | AP11: Congé férié | AQ11: Vacance | AR11: Autres | AS11: HEURES À PAYER | AU11: Absence | AW11: Reg. Hrs/sem | BA11: 2014 | BB11: 11 | BC11: 41763 | BD11: 41776
B12: Nom, Prénom | G12: Dim | I12: Lun | K12: Mar | M12: Mer | O12: Jeu | Q12: Ven | S12: Sam | U12: TOTAL | W12: Dim | Y12: Lun | AA12: Mar | AC12: Mer | AE12: Jeu | AG12: Ven | AI12: Sam | AK12: TOTAL | BA12: 2014 | BB12: 12 | BC12: 41777 | BD12: 41790
BA13: 2014 | BB13: 13 | BC13: 41791 | BD13: 41804
D14: 23919 | F14: =B9 -> 10 | J14: O | L14: O | N14: O | P14: O | R14: O | Z14: O | AB14: O | AD14: O | AF14: O | AH14: O | BA14: 2014 | BB14: 14 | BC14: 41805 | BD14: 41818
B15: Achour, Kheir Eddine | E15: 93545 | F15: =B9 -> 10 | J15: 0 | L15: 0 | N15: 0 | P15: 0 | R15: 0 | U15: =SUM(G15:T15) -> 0 | Z15: 0 | AB15: 0 | AD15: 0 | AF15: 0 | AH15: 0 | AK15: =SUM(W15:AJ15) -> 0 | AM15: =SUMIF($G14:$T14,"",$G15:$T15)+SUMIF($W14:$AJ14,"",$W15:$AJ15)-AN15 -> 0 | AN15: =IF(SUMIF($G14:$T14,"",$G15:$T15)+SUMIF($G14:$T14,"F",$G15:$T15)+SUMIF($G14:$T14,"V",$G15:$T15)-40<0,0,SUMIF($G14:$T14,"",$G15:$T15)+SUMIF($G14:$T14,"F",$G15:$T15)+SUMIF($G14:$T14,"V",$G15:$T15)-($U$9/2))+IF(SUMIF($W14:$AJ14,"",$W15:$AJ15)+SUMIF($W14:$AJ14,"F",$W15:$AJ15)+SUMIF($W14:$AJ14,"V",$W15:$AJ15)-40<0,0,SUMIF($W14:$AJ14,"",$W15:$AJ15)+SUMIF($W14:$AJ14,"F",$W15:$AJ15)+SUMIF($W14:$AJ14,"V",$W15:$AJ15)-($U$9/2)) -> 0 | AO15: =SUMIF($G14:$T14,"M",$G15:$T15)+SUMIF($W14:$AJ14,"M",$W15:$AJ15) -> 0 | AP15: =SUMIF($G14:$T14,"F",$G15:$T15)+SUMIF($W14:$AJ14,"F",$W15:$AJ15) -> 0 | AQ15: =SUMIF($G14:$T14,"V",$G15:$T15)+SUMIF($W14:$AJ14,"V",$W15:$AJ15) -> 0 | AR15: =SUMIF($G14:$T14,"O",$G15:$T15)+SUMIF($W14:$AJ14,"O",$W15:$AJ15) -> 0 | AS15: =SUM(AM15:AR15) -> 0 | AU15: 0 | AW15: 80 | BA15: 2014 | BB15: 15 | BC15: 41819 | BD15: 41832
D16: 24287 | F16: =B9 -> 10 | BA16: 2014 | BB16: 16 | BC16: 41833 | BD16: 41846
B17: Barrata, Dominic(Avance $500.00) | E17: 93595935 | F17: =B9 -> 10 | J17: COMM | L17: COMM | N17: COMM | P17: COMM | R17: COMM | U17: =SUM(G17:T17) -> 0 | Z17: COMM | AB17: COMM | AD17: COMM | AF17: COMM | AH17: COMM | AK17: =SUM(W17:AJ17) -> 0 | AM17: =SUMIF($G16:$T16,"",$G17:$T17)+SUMIF($W16:$AJ16,"",$W17:$AJ17)-AN17 -> 0 | AN17: =IF(SUMIF($G16:$T16,"",$G17:$T17)+SUMIF($G16:$T16,"F",$G17:$T17)+SUMIF($G16:$T16,"V",$G17:$T17)-40<0,0,SUMIF($G16:$T16,"",$G17:$T17)+SUMIF($G16:$T16,"F",$G17:$T17)+SUMIF($G16:$T16,"V",$G17:$T17)-($U$9/2))+IF(SUMIF($W16:$AJ16,"",$W17:$AJ17)+SUMIF($W16:$AJ16,"F",$W17:$AJ17)+SUMIF($W16:$AJ16,"V",$W17:$AJ17)-40<0,0,SUMIF($W16:$AJ16,"",$W17:$AJ17)+SUMIF($W16:$AJ16,"F",$W17:$AJ17)+SUMIF($W16:$AJ16,"V",$W17:$AJ17)-($U$9/2)) -> 0 | AO17: =SUMIF($G16:$T16,"M",$G17:$T17)+SUMIF($W16:$AJ16,"M",$W17:$AJ17) -> 0 | AP17: =SUMIF($G16:$T16,"F",$G17:$T17)+SUMIF($W16:$AJ16,"F",$W17:$AJ17) -> 0 | AQ17: =SUMIF($G16:$T16,"V",$G17:$T17)+SUMIF($W16:$AJ16,"V",$W17:$AJ17) -> 0 | AR17: =SUMIF($G16:$T16,"O",$G17:$T17)+SUMIF($W16:$AJ16,"O",$W17:$AJ17) -> 0 | AS17: =SUM(AM17:AR17) -> 0 | AU17: 0 | AW17: 80 | BA17: 2014 | BB17: 17 | BC17: 41847 | BD17: 41860
D18: 92032 | F18: =B9 -> 10 | BA18: 2014 | BB18: 18 | BC18: 41861 | BD18: 41874
B19: Benoit, Jean-Paul(Avance $1,600.00) | E19: 93595935 | F19: =B9 -> 10 | J19: COMM | L19: COMM | N19: COMM | P19: COMM | R19: COMM | U19: =SUM(G19:T19) -> 0 | Z19: COMM | AB19: COMM | AD19: COMM | AF19: COMM | AH19: COMM | AK19: =SUM(W19:AJ19) -> 0 | AM19: =SUMIF($G18:$T18,"",$G19:$T19)+SUMIF($W18:$AJ18,"",$W19:$AJ19)-AN19 -> 0 | AN19: =IF(SUMIF($G18:$T18,"",$G19:$T19)+SUMIF($G18:$T18,"F",$G19:$T19)+SUMIF($G18:$T18,"V",$G19:$T19)-40<0,0,SUMIF($G18:$T18,"",$G19:$T19)+SUMIF($G18:$T18,"F",$G19:$T19)+SUMIF($G18:$T18,"V",$G19:$T19)-($U$9/2))+IF(SUMIF($W18:$AJ18,"",$W19:$AJ19)+SUMIF($W18:$AJ18,"F",$W19:$AJ19)+SUMIF($W18:$AJ18,"V",$W19:$AJ19)-40<0,0,SUMIF($W18:$AJ18,"",$W19:$AJ19)+SUMIF($W18:$AJ18,"F",$W19:$AJ19)+SUMIF($W18:$AJ18,"V",$W19:$AJ19)-($U$9/2)) -> 0 | AO19: =SUMIF($G18:$T18,"M",$G19:$T19)+SUMIF($W18:$AJ18,"M",$W19:$AJ19) -> 0 | AP19: =SUMIF($G18:$T18,"F",$G19:$T19)+SUMIF($W18:$AJ18,"F",$W19:$AJ19) -> 0 | AQ19: =SUMIF($G18:$T18,"V",$G19:$T19)+SUMIF($W18:$AJ18,"V",$W19:$AJ19) -> 0 | AR19: =SUMIF($G18:$T18,"O",$G19:$T19)+SUMIF($W18:$AJ18,"O",$W19:$AJ19) -> 0 | AS19: =SUM(AM19:AR19) -> 0 | AU19: 0 | AW19: 80 | BA19: 2014 | BB19: 19 | BC19: 41875 | BD19: 41888
D20: 81077 | F20: =B9 -> 10 | BA20: 2014 | BB20: 20 | BC20: 41889 | BD20: 41902
B21: Bourassa, Julie | E21: 93540 | F21: =B9 -> 10 | J21: 8 | L21: 8 | N21: 9.25 | P21: 8 | R21: 8 | U21: =SUM(G21:T21) -> 41.25 | Z21: 8 | AB21: 8 | AD21: 8 | AF21: 9 | AH21: 9 | AK21: =SUM(W21:AJ21) -> 42 | AM21: =SUMIF($G20:$T20,"",$G21:$T21)+SUMIF($W20:$AJ20,"",$W21:$AJ21)-AN21 -> 80 | AN21: =IF(SUMIF($G20:$T20,"",$G21:$T21)+SUMIF($G20:$T20,"F",$G21:$T21)+SUMIF($G20:$T20,"V",$G21:$T21)-40<0,0,SUMIF($G20:$T20,"",$G21:$T21)+SUMIF($G20:$T20,"F",$G21:$T21)+SUMIF($G20:$T20,"V",$G21:$T21)-($U$9/2))+IF(SUMIF($W20:$AJ20,"",$W21:$AJ21)+SUMIF($W20:$AJ20,"F",$W21:$AJ21)+SUMIF($W20:$AJ20,"V",$W21:$AJ21)-40<0,0,SUMIF($W20:$AJ20,"",$W21:$AJ21)+SUMIF($W20:$AJ20,"F",$W21:$AJ21)+SUMIF($W20:$AJ20,"V",$W21:$AJ21)-($U$9/2)) -> 3.25 | AO21: =SUMIF($G20:$T20,"M",$G21:$T21)+SUMIF($W20:$AJ20,"M",$W21:$AJ21) -> 0 | AP21: =SUMIF($G20:$T20,"F",$G21:$T21)+SUMIF($W20:$AJ20,"F",$W21:$AJ21) -> 0 | AQ21: =SUMIF($G20:$T20,"V",$G21:$T21)+SUMIF($W20:$AJ20,"V",$W21:$AJ21) -> 0 | AR21: =SUMIF($G20:$T20,"O",$G21:$T21)+SUMIF($W20:$AJ20,"O",$W21:$AJ21) -> 0 | AS21: =SUM(AM21:AR21) -> 83.25 | AU21: 0 | AW21: 80 | BA21: 2014 | BB21: 21 | BC21: 41903 | BD21: 41916
D22: 78475 | F22: =B9 -> 10 | R22: V | BA22: 2014 | BB22: 22 | BC22: 41917 | BD22: 41930
B23: Charbonneau, Samuel | E23: 93540 | F23: =B9 -> 10 | J23: 8.5 | L23: 8.5 | N23: 8.5 | P23: 8.5 | R23: 8 | U23: =SUM(G23:T23) -> 42 | Z23: 8.5 | AB23: 8.5 | AD23: 8.5 | AF23: 8.5 | AH23: 8 | AK23: =SUM(W23:AJ23) -> 42 | AM23: =SUMIF($G22:$T22,"",$G23:$T23)+SUMIF($W22:$AJ22,"",$W23:$AJ23)-AN23 -> 72 | AN23: =IF(SUMIF($G22:$T22,"",$G23:$T23)+SUMIF($G22:$T22,"F",$G23:$T23)+SUMIF($G22:$T22,"V",$G23:$T23)-40<0,0,SUMIF($G22:$T22,"",$G23:$T23)+SUMIF($G22:$T22,"F",$G23:$T23)+SUMIF($G22:$T22,"V",$G23:$T23)-($U$9/2))+IF(SUMIF($W22:$AJ22,"",$W23:$AJ23)+SUMIF($W22:$AJ22,"F",$W23:$AJ23)+SUMIF($W22:$AJ22,"V",$W23:$AJ23)-40<0,0,SUMIF($W22:$AJ22,"",$W23:$AJ23)+SUMIF($W22:$AJ22,"F",$W23:$AJ23)+SUMIF($W22:$AJ22,"V",$W23:$AJ23)-($U$9/2)) -> 4 | AO23: =SUMIF($G22:$T22,"M",$G23:$T23)+SUMIF($W22:$AJ22,"M",$W23:$AJ23) -> 0 | AP23: =SUMIF($G22:$T22,"F",$G23:$T23)+SUMIF($W22:$AJ22,"F",$W23:$AJ23) -> 0 | AQ23: =SUMIF($G22:$T22,"V",$G23:$T23)+SUMIF($W22:$AJ22,"V",$W23:$AJ23) -> 8 | AR23: =SUMIF($G22:$T22,"O",$G23:$T23)+SUMIF($W22:$AJ22,"O",$W23:$AJ23) -> 0 | AS23: =SUM(AM23:AR23) -> 84 | AU23: 0 | AW23: 80 | BA23: 2014 | BB23: 23 | BC23: 41931 | BD23: 41944
D24: 24238 | F24: =B9 -> 10 | BA24: 2014 | BB24: 24 | BC24: 41945 | BD24: 41958
B25: Curtis, Jason | E25: 93595935 | F25: =B9 -> 10 | J25: 8 | L25: 8 | N25: 8 | P25: 8 | R25: 8 | U25: =SUM(G25:T25) -> 40 | Z25: 8 | AB25: 8 | AD25: 8 | AF25: 8 | AH25: 8 | AK25: =SUM(W25:AJ25) -> 40 | AM25: =SUMIF($G24:$T24,"",$G25:$T25)+SUMIF($W24:$AJ24,"",$W25:$AJ25)-AN25 -> 80 | AN25: =IF(SUMIF($G24:$T24,"",$G25:$T25)+SUMIF($G24:$T24,"F",$G25:$T25)+SUMIF($G24:$T24,"V",$G25:$T25)-40<0,0,SUMIF($G24:$T24,"",$G25:$T25)+SUMIF($G24:$T24,"F",$G25:$T25)+SUMIF($G24:$T24,"V",$G25:$T25)-($U$9/2))+IF(SUMIF($W24:$AJ24,"",$W25:$AJ25)+SUMIF($W24:$AJ24,"F",$W25:$AJ25)+SUMIF($W24:$AJ24,"V",$W25:$AJ25)-40<0,0,SUMIF($W24:$AJ24,"",$W25:$AJ25)+SUMIF($W24:$AJ24,"F",$W25:$AJ25)+SUMIF($W24:$AJ24,"V",$W25:$AJ25)-($U$9/2)) -> 0 | AO25: =SUMIF($G24:$T24,"M",$G25:$T25)+SUMIF($W24:$AJ24,"M",$W25:$AJ25) -> 0 | AP25: =SUMIF($G24:$T24,"F",$G25:$T25)+SUMIF($W24:$AJ24,"F",$W25:$AJ25) -> 0 | AQ25: =SUMIF($G24:$T24,"V",$G25:$T25)+SUMIF($W24:$AJ24,"V",$W25:$AJ25) -> 0 | AR25: =SUMIF($G24:$T24,"O",$G25:$T25)+SUMIF($W24:$AJ24,"O",$W25:$AJ25) -> 0 | AS25: =SUM(AM25:AR25) -> 80 | AU25: 0 | AW25: 80 | BA25: 2014 | BB25: 25 | BC25: 41959 | BD25: 41972
D26: 79709 | F26: =B9 -> 10 | BA26: 2014 | BB26: 26 | BC26: 41973 | BD26: 41986
B27: De Rose, Natale | E27: 93595935 | F27: =B9 -> 10 | J27: 8 | L27: 8 | N27: 8 | P27: 8 | R27: 8 | U27: =SUM(G27:T27) -> 40 | Z27: 8 | AB27: 8 | AD27: 8 | AF27: 8 | AH27: 8 | AK27: =SUM(W27:AJ27) -> 40 | AM27: =SUMIF($G26:$T26,"",$G27:$T27)+SUMIF($W26:$AJ26,"",$W27:$AJ27)-AN27 -> 80 | AN27: =IF(SUMIF($G26:$T26,"",$G27:$T27)+SUMIF($G26:$T26,"F",$G27:$T27)+SUMIF($G26:$T26,"V",$G27:$T27)-40<0,0,SUMIF($G26:$T26,"",$G27:$T27)+SUMIF($G26:$T26,"F",$G27:$T27)+SUMIF($G26:$T26,"V",$G27:$T27)-($U$9/2))+IF(SUMIF($W26:$AJ26,"",$W27:$AJ27)+SUMIF($W26:$AJ26,"F",$W27:$AJ27)+SUMIF($W26:$AJ26,"V",$W27:$AJ27)-40<0,0,SUMIF($W26:$AJ26,"",$W27:$AJ27)+SUMIF($W26:$AJ26,"F",$W27:$AJ27)+SUMIF($W26:$AJ26,"V",$W27:$AJ27)-($U$9/2)) -> 0 | AO27: =SUMIF($G26:$T26,"M",$G27:$T27)+SUMIF($W26:$AJ26,"M",$W27:$AJ27) -> 0 | AP27: =SUMIF($G26:$T26,"F",$G27:$T27)+SUMIF($W26:$AJ26,"F",$W27:$AJ27) -> 0 | AQ27: =SUMIF($G26:$T26,"V",$G27:$T27)+SUMIF($W26:$AJ26,"V",$W27:$AJ27) -> 0 | AR27: =SUMIF($G26:$T26,"O",$G27:$T27)+SUMIF($W26:$AJ26,"O",$W27:$AJ27) -> 0 | AS27: =SUM(AM27:AR27) -> 80 | AU27: 0 | AW27: 80 | BA27: 2014 | BB27: 27 | BC27: 41987 | BD27: 42000
D28: 92027 | F28: =B9 -> 10 | BA28: 2015 | BB28: 1 | BC28: 42001 | BD28: 42014
B29: Descoteaux, Gerald | E29: 93595935 | F29: =B9 -> 10 | J29: 8 | L29: 8 | N29: 8 | P29: 8 | R29: 8 | U29: =SUM(G29:T29) -> 40 | Z29: 8 | AB29: 8 | AD29: 8 | AF29: 8 | AH29: 8 | AK29: =SUM(W29:AJ29) -> 40 | AM29: =SUMIF($G28:$T28,"",$G29:$T29)+SUMIF($W28:$AJ28,"",$W29:$AJ29)-AN29 -> 80 | AN29: =IF(SUMIF($G28:$T28,"",$G29:$T29)+SUMIF($G28:$T28,"F",$G29:$T29)+SUMIF($G28:$T28,"V",$G29:$T29)-40<0,0,SUMIF($G28:$T28,"",$G29:$T29)+SUMIF($G28:$T28,"F",$G29:$T29)+SUMIF($G28:$T28,"V",$G29:$T29)-($U$9/2))+IF(SUMIF($W28:$AJ28,"",$W29:$AJ29)+SUMIF($W28:$AJ28,"F",$W29:$AJ29)+SUMIF($W28:$AJ28,"V",$W29:$AJ29)-40<0,0,SUMIF($W28:$AJ28,"",$W29:$AJ29)+SUMIF($W28:$AJ28,"F",$W29:$AJ29)+SUMIF($W28:$AJ28,"V",$W29:$AJ29)-($U$9/2)) -> 0 | AO29: =SUMIF($G28:$T28,"M",$G29:$T29)+SUMIF($W28:$AJ28,"M",$W29:$AJ29) -> 0 | AP29: =SUMIF($G28:$T28,"F",$G29:$T29)+SUMIF($W28:$AJ28,"F",$W29:$AJ29) -> 0 | AQ29: =SUMIF($G28:$T28,"V",$G29:$T29)+SUMIF($W28:$AJ28,"V",$W29:$AJ29) -> 0 | AR29: =SUMIF($G28:$T28,"O",$G29:$T29)+SUMIF($W28:$AJ28,"O",$W29:$AJ29) -> 0 | AS29: =SUM(AM29:AR29) -> 80 | AU29: 0 | AW29: 80 | BA29: 2015 | BB29: 2 | BC29: 42015 | BD29: 42028
D30: 73795 | F30: =B9 -> 10 | BA30: 2015 | BB30: 3 | BC30: 42029 | BD30: 42042
B31: Fortin, Veronique | E31: 93540 | F31: =B9 -> 10 | J31: 8 | L31: 8 | N31: 8 | P31: 8 | R31: 7.5 | U31: =SUM(G31:T31) -> 39.5 | Z31: 8 | AB31: 8 | AD31: 8 | AF31: 8 | AH31: 7.5 | AK31: =SUM(W31:AJ31) -> 39.5 | AM31: =SUMIF($G30:$T30,"",$G31:$T31)+SUMIF($W30:$AJ30,"",$W31:$AJ31)-AN31 -> 79 | AN31: =IF(SUMIF($G30:$T30,"",$G31:$T31)+SUMIF($G30:$T30,"F",$G31:$T31)+SUMIF($G30:$T30,"V",$G31:$T31)-40<0,0,SUMIF($G30:$T30,"",$G31:$T31)+SUMIF($G30:$T30,"F",$G31:$T31)+SUMIF($G30:$T30,"V",$G31:$T31)-($U$9/2))+IF(SUMIF($W30:$AJ30,"",$W31:$AJ31)+SUMIF($W30:$AJ30,"F",$W31:$AJ31)+SUMIF($W30:$AJ30,"V",$W31:$AJ31)-40<0,0,SUMIF($W30:$AJ30,"",$W31:$AJ31)+SUMIF($W30:$AJ30,"F",$W31:$AJ31)+SUMIF($W30:$AJ30,"V",$W31:$AJ31)-($U$9/2)) -> 0 | AO31: =SUMIF($G30:$T30,"M",$G31:$T31)+SUMIF($W30:$AJ30,"M",$W31:$AJ31) -> 0 | AP31: =SUMIF($G30:$T30,"F",$G31:$T31)+SUMIF($W30:$AJ30,"F",$W31:$AJ31) -> 0 | AQ31: =SUMIF($G30:$T30,"V",$G31:$T31)+SUMIF($W30:$AJ30,"V",$W31:$AJ31) -> 0 | AR31: =SUMIF($G30:$T30,"O",$G31:$T31)+SUMIF($W30:$AJ30,"O",$W31:$AJ31) -> 0 | AS31: =SUM(AM31:AR31) -> 79 | AU31: 0 | AW31: 80 | BA31: 2015 | BB31: 4 | BC31: 42043 | BD31: 42056
D32: 23206 | F32: =B9 -> 10 | AH32: A | BA32: 2015 | BB32: 5 | BC32: 42057 | BD32: 42070
B33: Gadbois, Dominic | E33: 93545 | F33: =B9 -> 10 | J33: 8 | L33: 8 | N33: 8 | P33: 8 | R33: 6.25 | U33: =SUM(G33:T33) -> 38.25 | Z33: 8 | AB33: 8 | AD33: 8 | AF33: 8 | AH33: 0 | AK33: =SUM(W33:AJ33) -> 32 | AM33: =SUMIF($G32:$T32,"",$G33:$T33)+SUMIF($W32:$AJ32,"",$W33:$AJ33)-AN33 -> 70.25 | AN33: =IF(SUMIF($G32:$T32,"",$G33:$T33)+SUMIF($G32:$T32,"F",$G33:$T33)+SUMIF($G32:$T32,"V",$G33:$T33)-40<0,0,SUMIF($G32:$T32,"",$G33:$T33)+SUMIF($G32:$T32,"F",$G33:$T33)+SUMIF($G32:$T32,"V",$G33:$T33)-($U$9/2))+IF(SUMIF($W32:$AJ32,"",$W33:$AJ33)+SUMIF($W32:$AJ32,"F",$W33:$AJ33)+SUMIF($W32:$AJ32,"V",$W33:$AJ33)-40<0,0,SUMIF($W32:$AJ32,"",$W33:$AJ33)+SUMIF($W32:$AJ32,"F",$W33:$AJ33)+SUMIF($W32:$AJ32,"V",$W33:$AJ33)-($U$9/2)) -> 0 | AO33: =SUMIF($G32:$T32,"M",$G33:$T33)+SUMIF($W32:$AJ32,"M",$W33:$AJ33) -> 0 | AP33: =SUMIF($G32:$T32,"F",$G33:$T33)+SUMIF($W32:$AJ32,"F",$W33:$AJ33) -> 0 | AQ33: =SUMIF($G32:$T32,"V",$G33:$T33)+SUMIF($W32:$AJ32,"V",$W33:$AJ33) -> 0 | AR33: =SUMIF($G32:$T32,"O",$G33:$T33)+SUMIF($W32:$AJ32,"O",$W33:$AJ33) -> 0 | AS33: =SUM(AM33:AR33) -> 70.25 | AU33: 0 | AW33: 80 | BA33: 2015 | BB33: 6 | BC33: 42071 | BD33: 42084
D34: 33664 | F34: =B9 -> 10 | BA34: 2015 | BB34: 7 | BC34: 42085 | BD34: 42098
B35: Knox Michaud, Jessy | E35: 93542 | F35: =B9 -> 10 | J35: 8.5 | L35: 8.25 | N35: 8 | P35: 8 | R35: 8 | U35: =SUM(G35:T35) -> 40.75 | Z35: 8 | AB35: 8.5 | AD35: 8 | AF35: 8 | AH35: 8 | AK35: =SUM(W35:AJ35) -> 40.5 | AM35: =SUMIF($G34:$T34,"",$G35:$T35)+SUMIF($W34:$AJ34,"",$W35:$AJ35)-AN35 -> 80 | AN35: =IF(SUMIF($G34:$T34,"",$G35:$T35)+SUMIF($G34:$T34,"F",$G35:$T35)+SUMIF($G34:$T34,"V",$G35:$T35)-40<0,0,SUMIF($G34:$T34,"",$G35:$T35)+SUMIF($G34:$T34,"F",$G35:$T35)+SUMIF($G34:$T34,"V",$G35:$T35)-($U$9/2))+IF(SUMIF($W34:$AJ34,"",$W35:$AJ35)+SUMIF($W34:$AJ34,"F",$W35:$AJ35)+SUMIF($W34:$AJ34,"V",$W35:$AJ35)-40<0,0,SUMIF($W34:$AJ34,"",$W35:$AJ35)+SUMIF($W34:$AJ34,"F",$W35:$AJ35)+SUMIF($W34:$AJ34,"V",$W35:$AJ35)-($U$9/2)) -> 1.25 | AO35: =SUMIF($G34:$T34,"M",$G35:$T35)+SUMIF($W34:$AJ34,"M",$W35:$AJ35) -> 0 | AP35: =SUMIF($G34:$T34,"F",$G35:$T35)+SUMIF($W34:$AJ34,"F",$W35:$AJ35) -> 0 | AQ35: =SUMIF($G34:$T34,"V",$G35:$T35)+SUMIF($W34:$AJ34,"V",$W35:$AJ35) -> 0 | AR35: =SUMIF($G34:$T34,"O",$G35:$T35)+SUMIF($W34:$AJ34,"O",$W35:$AJ35) -> 0 | AS35: =SUM(AM35:AR35) -> 81.25 | AU35: 0 | AW35: 80 | BA35: 2015 | BB35: 8 | BC35: 42099 | BD35: 42112
D36: 14206 | F36: =B9 -> 10 | R36: V | BA36: 2015 | BB36: 9 | BC36: 42113 | BD36: 42126
B37: Landry, Bernard | E37: 93545 | F37: =B9 -> 10 | J37: 8 | L37: 8 | N37: 8 | P37: 8 | R37: 8 | U37: =SUM(G37:T37) -> 40 | Z37: 8 | AB37: 8 | AD37: 8 | AF37: 8 | AH37: 8 | AK37: =SUM(W37:AJ37) -> 40 | AM37: =SUMIF($G36:$T36,"",$G37:$T37)+SUMIF($W36:$AJ36,"",$W37:$AJ37)-AN37 -> 72 | AN37: =IF(SUMIF($G36:$T36,"",$G37:$T37)+SUMIF($G36:$T36,"F",$G37:$T37)+SUMIF($G36:$T36,"V",$G37:$T37)-40<0,0,SUMIF($G36:$T36,"",$G37:$T37)+SUMIF($G36:$T36,"F",$G37:$T37)+SUMIF($G36:$T36,"V",$G37:$T37)-($U$9/2))+IF(SUMIF($W36:$AJ36,"",$W37:$AJ37)+SUMIF($W36:$AJ36,"F",$W37:$AJ37)+SUMIF($W36:$AJ36,"V",$W37:$AJ37)-40<0,0,SUMIF($W36:$AJ36,"",$W37:$AJ37)+SUMIF($W36:$AJ36,"F",$W37:$AJ37)+SUMIF($W36:$AJ36,"V",$W37:$AJ37)-($U$9/2)) -> 0 | AO37: =SUMIF($G36:$T36,"M",$G37:$T37)+SUMIF($W36:$AJ36,"M",$W37:$AJ37) -> 0 | AP37: =SUMIF($G36:$T36,"F",$G37:$T37)+SUMIF($W36:$AJ36,"F",$W37:$AJ37) -> 0 | AQ37: =SUMIF($G36:$T36,"V",$G37:$T37)+SUMIF($W36:$AJ36,"V",$W37:$AJ37) -> 8 | AR37: =SUMIF($G36:$T36,"O",$G37:$T37)+SUMIF($W36:$AJ36,"O",$W37:$AJ37) -> 0 | AS37: =SUM(AM37:AR37) -> 80 | AU37: 0 | AW37: 80 | BA37: 2015 | BB37: 10 | BC37: 42127 | BD37: 42140
D38: 92257 | F38: =B9 -> 10 | J38: V | L38: V | N38: V | P38: V | R38: V | BA38: 2015 | BB38: 11 | BC38: 42141 | BD38: 42154
B39: Lelievre, Anik | E39: 93513 | F39: =B9 -> 10 | J39: 8 | L39: 8 | N39: 8 | P39: 8 | R39: 8 | U39: =SUM(G39:T39) -> 40 | Z39: 8 | AB39: 8 | AD39: 8 | AF39: 8 | AH39: 8 | AK39: =SUM(W39:AJ39) -> 40 | AM39: =SUMIF($G38:$T38,"",$G39:$T39)+SUMIF($W38:$AJ38,"",$W39:$AJ39)-AN39 -> 40 | AN39: =IF(SUMIF($G38:$T38,"",$G39:$T39)+SUMIF($G38:$T38,"F",$G39:$T39)+SUMIF($G38:$T38,"V",$G39:$T39)-40<0,0,SUMIF($G38:$T38,"",$G39:$T39)+SUMIF($G38:$T38,"F",$G39:$T39)+SUMIF($G38:$T38,"V",$G39:$T39)-($U$9/2))+IF(SUMIF($W38:$AJ38,"",$W39:$AJ39)+SUMIF($W38:$AJ38,"F",$W39:$AJ39)+SUMIF($W38:$AJ38,"V",$W39:$AJ39)-40<0,0,SUMIF($W38:$AJ38,"",$W39:$AJ39)+SUMIF($W38:$AJ38,"F",$W39:$AJ39)+SUMIF($W38:$AJ38,"V",$W39:$AJ39)-($U$9/2)) -> 0 | AO39: =SUMIF($G38:$T38,"M",$G39:$T39)+SUMIF($W38:$AJ38,"M",$W39:$AJ39) -> 0 | AP39: =SUMIF($G38:$T38,"F",$G39:$T39)+SUMIF($W38:$AJ38,"F",$W39:$AJ39) -> 0 | AQ39: =SUMIF($G38:$T38,"V",$G39:$T39)+SUMIF($W38:$AJ38,"V",$W39:$AJ39) -> 40 | AR39: =SUMIF($G38:$T38,"O",$G39:$T39)+SUMIF($W38:$AJ38,"O",$W39:$AJ39) -> 0 | AS39: =SUM(AM39:AR39) -> 80 | AU39: 0 | AW39: 80 | BA39: 2015 | BB39: 12 | BC39: 42155 | BD39: 42168
D40: 81042 | F40: =B9 -> 10 | N40: V | P40: V | R40: V | BA40: 2015 | BB40: 13 | BC40: 42169 | BD40: 42182
B41: Letarte, Martin | E41: 93545 | F41: =B9 -> 10 | J41: 8 | L41: 8 | N41: 8 | P41: 8 | R41: 8 | U41: =SUM(G41:T41) -> 40 | Z41: 8 | AB41: 8 | AD41: 8 | AF41: 8 | AH41: 8 | AK41: =SUM(W41:AJ41) -> 40 | AM41: =SUMIF($G40:$T40,"",$G41:$T41)+SUMIF($W40:$AJ40,"",$W41:$AJ41)-AN41 -> 56 | AN41: =IF(SUMIF($G40:$T40,"",$G41:$T41)+SUMIF($G40:$T40,"F",$G41:$T41)+SUMIF($G40:$T40,"V",$G41:$T41)-40<0,0,SUMIF($G40:$T40,"",$G41:$T41)+SUMIF($G40:$T40,"F",$G41:$T41)+SUMIF($G40:$T40,"V",$G41:$T41)-($U$9/2))+IF(SUMIF($W40:$AJ40,"",$W41:$AJ41)+SUMIF($W40:$AJ40,"F",$W41:$AJ41)+SUMIF($W40:$AJ40,"V",$W41:$AJ41)-40<0,0,SUMIF($W40:$AJ40,"",$W41:$AJ41)+SUMIF($W40:$AJ40,"F",$W41:$AJ41)+SUMIF($W40:$AJ40,"V",$W41:$AJ41)-($U$9/2)) -> 0 | AO41: =SUMIF($G40:$T40,"M",$G41:$T41)+SUMIF($W40:$AJ40,"M",$W41:$AJ41) -> 0 | AP41: =SUMIF($G40:$T40,"F",$G41:$T41)+SUMIF($W40:$AJ40,"F",$W41:$AJ41) -> 0 | AQ41: =SUMIF($G40:$T40,"V",$G41:$T41)+SUMIF($W40:$AJ40,"V",$W41:$AJ41) -> 24 | AR41: =SUMIF($G40:$T40,"O",$G41:$T41)+SUMIF($W40:$AJ40,"O",$W41:$AJ41) -> 0 | AS41: =SUM(AM41:AR41) -> 80 | AU41: 0 | AW41: 80 | BA41: 2015 | BB41: 14 | BC41: 42183 | BD41: 42196
D42: 23930 | F42: =B9 -> 10 | AF42: A | BA42: 2015 | BB42: 15 | BC42: 42197 | BD42: 42210
B43: Martinez Parada, José Francisco | E43: 93545 | F43: =B9 -> 10 | J43: 8 | L43: 8 | N43: 8 | P43: 8 | R43: 8 | U43: =SUM(G43:T43) -> 40 | Z43: 8 | AB43: 8 | AD43: 8 | AF43: 0 | AH43: 8 | AK43: =SUM(W43:AJ43) -> 32 | AM43: =SUMIF($G42:$T42,"",$G43:$T43)+SUMIF($W42:$AJ42,"",$W43:$AJ43)-AN43 -> 72 | AN43: =IF(SUMIF($G42:$T42,"",$G43:$T43)+SUMIF($G42:$T42,"F",$G43:$T43)+SUMIF($G42:$T42,"V",$G43:$T43)-40<0,0,SUMIF($G42:$T42,"",$G43:$T43)+SUMIF($G42:$T42,"F",$G43:$T43)+SUMIF($G42:$T42,"V",$G43:$T43)-($U$9/2))+IF(SUMIF($W42:$AJ42,"",$W43:$AJ43)+SUMIF($W42:$AJ42,"F",$W43:$AJ43)+SUMIF($W42:$AJ42,"V",$W43:$AJ43)-40<0,0,SUMIF($W42:$AJ42,"",$W43:$AJ43)+SUMIF($W42:$AJ42,"F",$W43:$AJ43)+SUMIF($W42:$AJ42,"V",$W43:$AJ43)-($U$9/2)) -> 0 | AO43: =SUMIF($G42:$T42,"M",$G43:$T43)+SUMIF($W42:$AJ42,"M",$W43:$AJ43) -> 0 | AP43: =SUMIF($G42:$T42,"F",$G43:$T43)+SUMIF($W42:$AJ42,"F",$W43:$AJ43) -> 0 | AQ43: =SUMIF($G42:$T42,"V",$G43:$T43)+SUMIF($W42:$AJ42,"V",$W43:$AJ43) -> 0 | AR43: =SUMIF($G42:$T42,"O",$G43:$T43)+SUMIF($W42:$AJ42,"O",$W43:$AJ43) -> 0 | AS43: =SUM(AM43:AR43) -> 72 | AU43: 0 | AW43: 80 | BA43: 2015 | BB43: 16 | BC43: 42211 | BD43: 42224
D44: 11792 | F44: =B9 -> 10 | BA44: 2015 | BB44: 17 | BC44: 42225 | BD44: 42238
B45: Pellerin, Pierre | E45: 93595935 | F45: =B9 -> 10 | J45: 8 | L45: 8 | N45: 8 | P45: 8 | R45: 8 | U45: =SUM(G45:T45) -> 40 | Z45: 8 | AB45: 8 | AD45: 8 | AF45: 8 | AH45: 8 | AK45: =SUM(Z45:AH45) -> 40 | AM45: =SUMIF($G44:$T44,"",$G45:$T45)+SUMIF($W44:$AJ44,"",$W45:$AJ45)-AN45 -> 80 | AN45: =IF(SUMIF($G44:$T44,"",$G45:$T45)+SUMIF($G44:$T44,"F",$G45:$T45)+SUMIF($G44:$T44,"V",$G45:$T45)-40<0,0,SUMIF($G44:$T44,"",$G45:$T45)+SUMIF($G44:$T44,"F",$G45:$T45)+SUMIF($G44:$T44,"V",$G45:$T45)-($U$9/2))+IF(SUMIF($W44:$AJ44,"",$W45:$AJ45)+SUMIF($W44:$AJ44,"F",$W45:$AJ45)+SUMIF($W44:$AJ44,"V",$W45:$AJ45)-40<0,0,SUMIF($W44:$AJ44,"",$W45:$AJ45)+SUMIF($W44:$AJ44,"F",$W45:$AJ45)+SUMIF($W44:$AJ44,"V",$W45:$AJ45)-($U$9/2)) -> 0 | AO45: =SUMIF($G44:$T44,"M",$G45:$T45)+SUMIF($W44:$AJ44,"M",$W45:$AJ45) -> 0 | AP45: =SUMIF($G44:$T44,"F",$G45:$T45)+SUMIF($W44:$AJ44,"F",$W45:$AJ45) -> 0 | AQ45: =SUMIF($G44:$T44,"V",$G45:$T45)+SUMIF($W44:$AJ44,"V",$W45:$AJ45) -> 0 | AR45: =SUMIF($G44:$T44,"O",$G45:$T45)+SUMIF($W44:$AJ44,"O",$W45:$AJ45) -> 0 | AS45: =SUM(AM45:AR45) -> 80 | AU45: 0 | AW45: 80 | BA45: 2015 | BB45: 18 | BC45: 42239 | BD45: 42252
D46: 81043 | F46: =B9 -> 10 | BA46: 2015 | BB46: 19 | BC46: 42253 | BD46: 42266
B47: Rodrigue, Frank | E47: 93545 | F47: =B9 -> 10 | J47: 8 | L47: 8 | N47: 8 | P47: 8 | R47: 8 | U47: =SUM(G47:T47) -> 40 | Z47: 8 | AB47: 8 | AD47: 8 | AF47: 8 | AH47: 8 | AK47: =SUM(W47:AJ47) -> 40 | AM47: =SUMIF($G46:$T46,"",$G47:$T47)+SUMIF($W46:$AJ46,"",$W47:$AJ47)-AN47 -> 80 | AN47: =IF(SUMIF($G46:$T46,"",$G47:$T47)+SUMIF($G46:$T46,"F",$G47:$T47)+SUMIF($G46:$T46,"V",$G47:$T47)-40<0,0,SUMIF($G46:$T46,"",$G47:$T47)+SUMIF($G46:$T46,"F",$G47:$T47)+SUMIF($G46:$T46,"V",$G47:$T47)-($U$9/2))+IF(SUMIF($W46:$AJ46,"",$W47:$AJ47)+SUMIF($W46:$AJ46,"F",$W47:$AJ47)+SUMIF($W46:$AJ46,"V",$W47:$AJ47)-40<0,0,SUMIF($W46:$AJ46,"",$W47:$AJ47)+SUMIF($W46:$AJ46,"F",$W47:$AJ47)+SUMIF($W46:$AJ46,"V",$W47:$AJ47)-($U$9/2)) -> 0 | AO47: =SUMIF($G46:$T46,"M",$G47:$T47)+SUMIF($W46:$AJ46,"M",$W47:$AJ47) -> 0 | AP47: =SUMIF($G46:$T46,"F",$G47:$T47)+SUMIF($W46:$AJ46,"F",$W47:$AJ47) -> 0 | AQ47: =SUMIF($G46:$T46,"V",$G47:$T47)+SUMIF($W46:$AJ46,"V",$W47:$AJ47) -> 0 | AR47: =SUMIF($G46:$T46,"O",$G47:$T47)+SUMIF($W46:$AJ46,"O",$W47:$AJ47) -> 0 | AS47: =SUM(AM47:AR47) -> 80 | AU47: 0 | AW47: 80 | BA47: 2015 | BB47: 20 | BC47: 42267 | BD47: 42280
D48: 72673 | F48: =B9 -> 10 | BA48: 2015 | BB48: 21 | BC48: 42281 | BD48: 42294
B49: St-Georges, Manuel (avance $2,000) | E49: 93595935 | F49: =B9 -> 10 | J49: COMM | L49: COMM | N49: COMM | P49: COMM | R49: COMM | U49: =SUM(G49:T49) -> 0 | Z49: COMM | AB49: COMM | AD49: COMM | AF49: COMM | AH49: COMM | AK49: =SUM(W49:AJ49) -> 0 | AM49: =SUMIF($G48:$T48,"",$G49:$T49)+SUMIF($W48:$AJ48,"",$W49:$AJ49)-AN49 -> 0 | AN49: =IF(SUMIF($G48:$T48,"",$G49:$T49)+SUMIF($G48:$T48,"F",$G49:$T49)+SUMIF($G48:$T48,"V",$G49:$T49)-40<0,0,SUMIF($G48:$T48,"",$G49:$T49)+SUMIF($G48:$T48,"F",$G49:$T49)+SUMIF($G48:$T48,"V",$G49:$T49)-($U$9/2))+IF(SUMIF($W48:$AJ48,"",$W49:$AJ49)+SUMIF($W48:$AJ48,"F",$W49:$AJ49)+SUMIF($W48:$AJ48,"V",$W49:$AJ49)-40<0,0,SUMIF($W48:$AJ48,"",$W49:$AJ49)+SUMIF($W48:$AJ48,"F",$W49:$AJ49)+SUMIF($W48:$AJ48,"V",$W49:$AJ49)-($U$9/2)) -> 0 | AO49: =SUMIF($G48:$T48,"M",$G49:$T49)+SUMIF($W48:$AJ48,"M",$W49:$AJ49) -> 0 | AP49: =SUMIF($G48:$T48,"F",$G49:$T49)+SUMIF($W48:$AJ48,"F",$W49:$AJ49) -> 0 | AQ49: =SUMIF($G48:$T48,"V",$G49:$T49)+SUMIF($W48:$AJ48,"V",$W49:$AJ49) -> 0 | AR49: =SUMIF($G48:$T48,"O",$G49:$T49)+SUMIF($W48:$AJ48,"O",$W49:$AJ49) -> 0 | AS49: =SUM(AM49:AR49) -> 0 | AU49: 0 | AW49: 80 | BA49: 2015 | BB49: 22 | BC49: 42295 | BD49: 42308
D50: 26641 | F50: =B9 -> 10 | BA50: 2015 | BB50: 23 | BC50: 42309 | BD50: 42322
B51: Simard, Pascal | E51: 93545 | F51: =B9 -> 10 | J51: 8 | L51: 8 | N51: 8 | P51: 8 | R51: 8 | U51: =SUM(G51:T51) -> 40 | Z51: 8 | AB51: 8 | AD51: 8 | AF51: 8 | AH51: 8 | AK51: =SUM(W51:AJ51) -> 40 | AM51: =SUMIF($G50:$T50,"",$G51:$T51)+SUMIF($W50:$AJ50,"",$W51:$AJ51)-AN51 -> 80 | AN51: =IF(SUMIF($G50:$T50,"",$G51:$T51)+SUMIF($G50:$T50,"F",$G51:$T51)+SUMIF($G50:$T50,"V",$G51:$T51)-40<0,0,SUMIF($G50:$T50,"",$G51:$T51)+SUMIF($G50:$T50,"F",$G51:$T51)+SUMIF($G50:$T50,"V",$G51:$T51)-($U$9/2))+IF(SUMIF($W50:$AJ50,"",$W51:$AJ51)+SUMIF($W50:$AJ50,"F",$W51:$AJ51)+SUMIF($W50:$AJ50,"V",$W51:$AJ51)-40<0,0,SUMIF($W50:$AJ50,"",$W51:$AJ51)+SUMIF($W50:$AJ50,"F",$W51:$AJ51)+SUMIF($W50:$AJ50,"V",$W51:$AJ51)-($U$9/2)) -> 0 | AO51: =SUMIF($G50:$T50,"M",$G51:$T51)+SUMIF($W50:$AJ50,"M",$W51:$AJ51) -> 0 | AP51: =SUMIF($G50:$T50,"F",$G51:$T51)+SUMIF($W50:$AJ50,"F",$W51:$AJ51) -> 0 | AQ51: =SUMIF($G50:$T50,"V",$G51:$T51)+SUMIF($W50:$AJ50,"V",$W51:$AJ51) -> 0 | AR51: =SUMIF($G50:$T50,"O",$G51:$T51)+SUMIF($W50:$AJ50,"O",$W51:$AJ51) -> 0 | AS51: =SUM(AM51:AR51) -> 80 | AU51: 0 | AW51: 80 | BA51: 2015 | BB51: 24 | BC51: 42323 | BD51: 42336
D52: 23736 | F52: =B9 -> 10 | J52: O | L52: O | N52: O | P52: O | R52: O | Z52: O | AB52: O | AD52: O | AF52: O | AH52: O | BA52: 2015 | BB52: 25 | BC52: 42337 | BD52: 42350
B53: Voster, Jean-Michel | E53: 93545 | F53: =B9 -> 10 | J53: 0 | L53: 0 | N53: 0 | P53: 0 | R53: 0 | U53: =SUM(G53:T53) -> 0 | Z53: 0 | AB53: 0 | AD53: 0 | AF53: 0 | AH53: 0 | AK53: =SUM(W53:AJ53) -> 0 | AM53: =SUMIF($G52:$T52,"",$G53:$T53)+SUMIF($W52:$AJ52,"",$W53:$AJ53)-AN53 -> 0 | AN53: =IF(SUMIF($G52:$T52,"",$G53:$T53)+SUMIF($G52:$T52,"F",$G53:$T53)+SUMIF($G52:$T52,"V",$G53:$T53)-40<0,0,SUMIF($G52:$T52,"",$G53:$T53)+SUMIF($G52:$T52,"F",$G53:$T53)+SUMIF($G52:$T52,"V",$G53:$T53)-($U$9/2))+IF(SUMIF($W52:$AJ52,"",$W53:$AJ53)+SUMIF($W52:$AJ52,"F",$W53:$AJ53)+SUMIF($W52:$AJ52,"V",$W53:$AJ53)-40<0,0,SUMIF($W52:$AJ52,"",$W53:$AJ53)+SUMIF($W52:$AJ52,"F",$W53:$AJ53)+SUMIF($W52:$AJ52,"V",$W53:$AJ53)-($U$9/2)) -> 0 | AO53: =SUMIF($G52:$T52,"M",$G53:$T53)+SUMIF($W52:$AJ52,"M",$W53:$AJ53) -> 0 | AP53: =SUMIF($G52:$T52,"F",$G53:$T53)+SUMIF($W52:$AJ52,"F",$W53:$AJ53) -> 0 | AQ53: =SUMIF($G52:$T52,"V",$G53:$T53)+SUMIF($W52:$AJ52,"V",$W53:$AJ53) -> 0 | AR53: =SUMIF($G52:$T52,"O",$G53:$T53)+SUMIF($W52:$AJ52,"O",$W53:$AJ53) -> 0 | AS53: =SUM(AM53:AR53) -> 0 | AU53: 0 | AW53: 80 | BA53: 2015 | BB53: 26 | BC53: 42351 | BD53: 42364
F54: =B9 -> 10 | BA54: 2016 | BB54: 1 | BC54: 42365 | BD54: 42378
F55: =B9 -> 10 | U55: =SUM(G55:T55) -> 0 | AK55: =SUM(W55:AJ55) -> 0 | AM55: =SUMIF($G54:$T54,"",$G55:$T55)+SUMIF($W54:$AJ54,"",$W55:$AJ55)-AN55 -> 0 | AN55: =IF(SUMIF($G54:$T54,"",$G55:$T55)+SUMIF($G54:$T54,"F",$G55:$T55)+SUMIF($G54:$T54,"V",$G55:$T55)-40<0,0,SUMIF($G54:$T54,"",$G55:$T55)+SUMIF($G54:$T54,"F",$G55:$T55)+SUMIF($G54:$T54,"V",$G55:$T55)-($U$9/2))+IF(SUMIF($W54:$AJ54,"",$W55:$AJ55)+SUMIF($W54:$AJ54,"F",$W55:$AJ55)+SUMIF($W54:$AJ54,"V",$W55:$AJ55)-40<0,0,SUMIF($W54:$AJ54,"",$W55:$AJ55)+SUMIF($W54:$AJ54,"F",$W55:$AJ55)+SUMIF($W54:$AJ54,"V",$W55:$AJ55)-($U$9/2)) -> 0 | AO55: =SUMIF($G54:$T54,"M",$G55:$T55)+SUMIF($W54:$AJ54,"M",$W55:$AJ55) -> 0 | AP55: =SUMIF($G54:$T54,"F",$G55:$T55)+SUMIF($W54:$AJ54,"F",$W55:$AJ55) -> 0 | AQ55: =SUMIF($G54:$T54,"V",$G55:$T55)+SUMIF($W54:$AJ54,"V",$W55:$AJ55) -> 0 | AR55: =SUMIF($G54:$T54,"O",$G55:$T55)+SUMIF($W54:$AJ54,"O",$W55:$AJ55) -> 0 | AS55: =SUM(AM55:AR55) -> 0 | AU55: 0 | AW55: 80 | BA55: 2016 | BB55: 2 | BC55: 42379 | BD55: 42392
F56: =B9 -> 10 | BA56: 2016 | BB56: 3 | BC56: 42393 | BD56: 42406
F57: =B9 -> 10 | U57: =SUM(G57:T57) -> 0 | AK57: =SUM(W57:AJ57) -> 0 | AM57: =SUMIF($G56:$T56,"",$G57:$T57)+SUMIF($W56:$AJ56,"",$W57:$AJ57)-AN57 -> 0 | AN57: =IF(SUMIF($G56:$T56,"",$G57:$T57)+SUMIF($G56:$T56,"F",$G57:$T57)+SUMIF($G56:$T56,"V",$G57:$T57)-40<0,0,SUMIF($G56:$T56,"",$G57:$T57)+SUMIF($G56:$T56,"F",$G57:$T57)+SUMIF($G56:$T56,"V",$G57:$T57)-($U$9/2))+IF(SUMIF($W56:$AJ56,"",$W57:$AJ57)+SUMIF($W56:$AJ56,"F",$W57:$AJ57)+SUMIF($W56:$AJ56,"V",$W57:$AJ57)-40<0,0,SUMIF($W56:$AJ56,"",$W57:$AJ57)+SUMIF($W56:$AJ56,"F",$W57:$AJ57)+SUMIF($W56:$AJ56,"V",$W57:$AJ57)-($U$9/2)) -> 0 | AO57: =SUMIF($G56:$T56,"M",$G57:$T57)+SUMIF($W56:$AJ56,"M",$W57:$AJ57) -> 0 | AP57: =SUMIF($G56:$T56,"F",$G57:$T57)+SUMIF($W56:$AJ56,"F",$W57:$AJ57) -> 0 | AQ57: =SUMIF($G56:$T56,"V",$G57:$T57)+SUMIF($W56:$AJ56,"V",$W57:$AJ57) -> 0 | AR57: =SUMIF($G56:$T56,"O",$G57:$T57)+SUMIF($W56:$AJ56,"O",$W57:$AJ57) -> 0 | AS57: =SUM(AM57:AR57) -> 0 | AU57: 0 | AW57: 0 | BA57: 2016 | BB57: 4 | BC57: 42407 | BD57: 42420
F58: =B9 -> 10 | BA58: 2016 | BB58: 5 | BC58: 42421 | BD58: 42434
F59: =B9 -> 10 | U59: =SUM(G59:T59) -> 0 | AK59: 0 | AM59: =SUMIF($G58:$T58,"",$G59:$T59)+SUMIF($W58:$AJ58,"",$W59:$AJ59)-AN59 -> 0 | AN59: =IF(SUMIF($G58:$T58,"",$G59:$T59)+SUMIF($G58:$T58,"F",$G59:$T59)+SUMIF($G58:$T58,"V",$G59:$T59)-40<0,0,SUMIF($G58:$T58,"",$G59:$T59)+SUMIF($G58:$T58,"F",$G59:$T59)+SUMIF($G58:$T58,"V",$G59:$T59)-($U$9/2))+IF(SUMIF($W58:$AJ58,"",$W59:$AJ59)+SUMIF($W58:$AJ58,"F",$W59:$AJ59)+SUMIF($W58:$AJ58,"V",$W59:$AJ59)-40<0,0,SUMIF($W58:$AJ58,"",$W59:$AJ59)+SUMIF($W58:$AJ58,"F",$W59:$AJ59)+SUMIF($W58:$AJ58,"V",$W59:$AJ59)-($U$9/2)) -> 0 | AO59: =SUMIF($G58:$T58,"M",$G59:$T59)+SUMIF($W58:$AJ58,"M",$W59:$AJ59) -> 0 | AP59: =SUMIF($G58:$T58,"F",$G59:$T59)+SUMIF($W58:$AJ58,"F",$W59:$AJ59) -> 0 | AQ59: =SUMIF($G58:$T58,"V",$G59:$T59)+SUMIF($W58:$AJ58,"V",$W59:$AJ59) -> 0 | AR59: =SUMIF($G58:$T58,"O",$G59:$T59)+SUMIF($W58:$AJ58,"O",$W59:$AJ59) -> 0 | AS59: =SUM(AM59:AR59) -> 0 | AU59: 0 | AW59: 0 | BA59: 2016 | BB59: 6 | BC59: 42435 | BD59: 42448
F60: =B9 -> 10 | BA60: 2016 | BB60: 7 | BC60: 42449 | BD60: 42462
F61: =B9 -> 10 | U61: =SUM(G61:T61) -> 0 | AK61: 0 | AM61: 0 | AN61: 0 | AO61: 0 | AP61: 0 | AQ61: 0 | AR61: 0 | AS61: 0 | AU61: 0 | AW61: 0 | BA61: 2016 | BB61: 8 | BC61: 42463 | BD61: 42476
F62: =B9 -> 10 | BA62: 2016 | BB62: 9 | BC62: 42477 | BD62: 42490
F63: =B9 -> 10 | U63: =SUM(G63:T63) -> 0 | AK63: 0 | AM63: 0 | AN63: 0 | AO63: 0 | AP63: 0 | AQ63: 0 | AR63: 0 | AS63: 0 | AU63: 0 | AW63: 0 | BA63: 2016 | BB63: 10 | BC63: 42491 | BD63: 42504
B64: TOTAL | G64: =SUM(G14:H63) -> 0 | I64: =SUM(I14:J63) -> 121 | K64: =SUM(K14:L63) -> 120.75 | M64: =SUM(M14:N63) -> 121.75 | O64: =SUM(O14:P63) -> 120.5 | Q64: =SUM(Q14:R63) -> 117.75 | S64: =SUM(S14:T63) -> 0 | U64: =SUM(U14:U63) -> 601.75 | W64: =SUM(W14:X63) -> 0 | Y64: =SUM(Y14:Z63) -> 120.5 | AA64: =SUM(AA14:AB63) -> 121 | AC64: =SUM(AC14:AD63) -> 120.5 | AE64: =SUM(AE14:AF63) -> 113.5 | AG64: =SUM(AG14:AH63) -> 112.5 | AI64: =SUM(AI14:AJ63) -> 0 | AK64: =SUM(AK14:AK63) -> 588 | AM64: =SUM(AM14:AM63) -> 1101.25 | AN64: =SUM(AN14:AN63) -> 8.5 | AO64: =SUM(AO14:AO63) -> 0 | AP64: =SUM(AP14:AP63) -> 0 | AQ64: =SUM(AQ14:AQ63) -> 80 | AR64: =SUM(AR14:AR63) -> 0 | AS64: =SUM(AS14:AS63) -> 1189.75 | AU64: =SUM(AU14:AU63) -> 0 | AW64: =SUM(AW14:AW63) -> 1680 | BA64: 2016 | BB64: 11 | BC64: 42505 | BD64: 42518
BA65: 2016 | BB65: 12 | BC65: 42519 | BD65: 42532
B66: COMMENTAIRES: | D66: Eddine O =Terminaison envoyé au RH en date du 03 MAI 2021 // Jean-Michel Voster O= en arret pour congé de paternité | BA66: 2016 | BB66: 13 | BC66: 42533 | BD66: 42546
D67: Anik Vacances de l'Année 2020-2021 | BA67: 2016 | BB67: 14 | BC67: 42547 | BD67: 42560
D68: Samuel Vacances de l'année 2020-2021 Martin Vacances de l'année 2020-2021 Bernard Vacances de l'année 2020-2021 | BA68: 2016 | BB68: 15 | BC68: 42561 | BD68: 42574
BA69: 2016 | BB69: 16 | BC69: 42575 | BD69: 42588
B70: COMPLÉTÉ PAR: | D70: Véronique Fortin Sequeira | L70: DATE : | N70: =NOW() -> 44720.651 | BA70: 2016 | BB70: 17 | BC70: 42589 | BD70: 42602
BA71: 2016 | BB71: 18 | BC71: 42603 | BD71: 42616
B72: APPROUVÉ PAR: | L72: DATE : | N72: =NOW() -> 44720.651 | BA72: 2016 | BB72: 19 | BC72: 42617 | BD72: 42630
BA73: 2016 | BB73: 20 | BC73: 42631 | BD73: 42644
B74: NOTE : | BA74: 2016 | BB74: 21 | BC74: 42645 | BD74: 42658
G75: LAKNORD | BA75: 2016 | BB75: 22 | BC75: 42659 | BD75: 42672
BA76: 2016 | BB76: 23 | BC76: 42673 | BD76: 42686
W77: M | X77: = Maladie | BA77: 2016 | BB77: 24 | BC77: 42687 | BD77: 42700
G78: Time sheet | W78: F | X78: = Congé férié | BA78: 2016 | BB78: 25 | BC78: 42701 | BD78: 42714
W79: V | X79: = Vacances | BA79: 2016 | BB79: 26 | BC79: 42715 | BD79: 42728
W80: A | X80: = Absence sans paye | BA80: 2017 | BB80: 1 | BC80: 42729 | BD80: 42742
B81: Période de paye | G81: Période (jj/mm/aaaa) | K81: Période (jj/mm/aaaa) | W81: O | X81: = Autre (spécifier la raison dans les commentaires) | BA81: 2017 | BB81: 2 | BC81: 42743 | BD81: 42756
D82: Année | BA82: 2017 | BB82: 3 | BC82: 42757 | BD82: 42770
B83: =B9+1 -> 11 | D83: =D9 -> 2021 | E83: du | G83: =K9+1 -> 44325 | J83: au | K83: =IF(G83="","",G83+13) -> 44338 | P83: Heures rég./Bi-Hebdo. | U83: 80 | BA83: 2017 | BB83: 4 | BC83: 42771 | BD83: 42784
AM84: Total | AU84: Total | BA84: 2017 | BB84: 5 | BC84: 42785 | BD84: 42798
D85: No. d'employé | E85: Dept. | G85: =G83 -> 44325 | I85: =IF(G85="","",G85+1) -> 44326 | K85: =IF(I85="","",I85+1) -> 44327 | M85: =IF(K85="","",K85+1) -> 44328 | O85: =IF(M85="","",M85+1) -> 44329 | Q85: =IF(O85="","",O85+1) -> 44330 | S85: =IF(Q85="","",Q85+1) -> 44331 | W85: =IF(S85="","",S85+1) -> 44332 | Y85: =IF(W85="","",W85+1) -> 44333 | AA85: =IF(Y85="","",Y85+1) -> 44334 | AC85: =IF(AA85="","",AA85+1) -> 44335 | AE85: =IF(AC85="","",AC85+1) -> 44336 | AG85: =IF(AE85="","",AE85+1) -> 44337 | AI85: =IF(AG85="","",AG85+1) -> 44338 | AM85: Régulier | AN85: Overtime | AO85: Maladie | AP85: Congé férié | AQ85: Vacance | AR85: Autres | AS85: HEURES À PAYER | AU85: Absence | AW85: Reg. Hrs/sem | BA85: 2017 | BB85: 6 | BC85: 42799 | BD85: 42812
B86: Nom, Prénom | G86: Dim | I86: Lun | K86: Mar | M86: Mer | O86: Jeu | Q86: Ven | S86: Sam | U86: TOTAL | W86: Dim | Y86: Lun | AA86: Mar | AC86: Mer | AE86: Jeu | AG86: Ven | AI86: Sam | AK86: TOTAL | BA86: 2017 | BB86: 7 | BC86: 42813 | BD86: 42826
BA87: 2017 | BB87: 8 | BC87: 42827 | BD87: 42840
E88: =IF(E14="","",E14) | F88: =B83 -> 11 | J88: O | L88: O | N88: O | P88: O | R88: O | BA88: 2017 | BB88: 9 | BC88: 42841 | BD88: 42854
B89: Gaulin, Francis | E89: 93542 | F89: =B83 -> 11 | J89: 0 | L89: 0 | N89: 0 | P89: 0 | R89: 0 | U89: =SUM(G89:T89) -> 0 | Z89: 8 | AB89: 8 | AD89: 8 | AF89: 8 | AH89: 8 | AK89: =SUM(W89:AJ89) -> 40 | AM89: =SUMIF($G88:$T88,"",$G89:$T89)+SUMIF($W88:$AJ88,"",$W89:$AJ89)-AN89 -> 40 | AN89: =IF(SUMIF($G88:$T88,"",$G89:$T89)+SUMIF($G88:$T88,"F",$G89:$T89)+SUMIF($G88:$T88,"V",$G89:$T89)-40<0,0,SUMIF($G88:$T88,"",$G89:$T89)+SUMIF($G88:$T88,"F",$G89:$T89)+SUMIF($G88:$T88,"V",$G89:$T89)-($U$9/2))+IF(SUMIF($W88:$AJ88,"",$W89:$AJ89)+SUMIF($W88:$AJ88,"F",$W89:$AJ89)+SUMIF($W88:$AJ88,"V",$W89:$AJ89)-40<0,0,SUMIF($W88:$AJ88,"",$W89:$AJ89)+SUMIF($W88:$AJ88,"F",$W89:$AJ89)+SUMIF($W88:$AJ88,"V",$W89:$AJ89)-($U$9/2)) -> 0 | AO89: =SUMIF($G88:$T88,"M",$G89:$T89)+SUMIF($W88:$AJ88,"M",$W89:$AJ89) -> 0 | AP89: =SUMIF($G88:$T88,"F",$G89:$T89)+SUMIF($W88:$AJ88,"F",$W89:$AJ89) -> 0 | AQ89: =SUMIF($G88:$T88,"V",$G89:$T89)+SUMIF($W88:$AJ88,"V",$W89:$AJ89) -> 0 | AR89: =SUMIF($G88:$T88,"O",$G89:$T89)+SUMIF($W88:$AJ88,"O",$W89:$AJ89) -> 0 | AS89: =SUM(AM89:AR89) -> 40 | AU89: =SUMIF($G88:$T88,"A",$G89:$T89)+SUMIF($W88:$AJ88,"A",$W89:$AJ89) -> 0 | AW89: =IF(B89="",0,IF($U$9="",0,$U$9)) -> 80 | BA89: 2017 | BB89: 10 | BC89: 42855 | BD89: 42868
D90: =IF(D16="","",D16) -> 24287 | E90: =IF(E16="","",E16) | F90: =B83 -> 11 | BA90: 2017 | BB90: 11 | BC90: 42869 | BD90: 42882
B91: =IF(B17="","",B17) -> Barrata, Dominic(Avance $500.00) | E91: =IF(E17="","",E17) -> 93595935 | F91: =B83 -> 11 | J91: COMM | L91: COMM | N91: COMM | P91: COMM | R91: COMM | U91: =SUM(G91:T91) -> 0 | Z91: COMM | AB91: COMM | AD91: COMM | AF91: COMM | AH91: COMM | AK91: =SUM(W91:AJ91) -> 0 | AM91: =SUMIF($G90:$T90,"",$G91:$T91)+SUMIF($W90:$AJ90,"",$W91:$AJ91)-AN91 -> 0 | AN91: =IF(SUMIF($G90:$T90,"",$G91:$T91)+SUMIF($G90:$T90,"F",$G91:$T91)+SUMIF($G90:$T90,"V",$G91:$T91)-40<0,0,SUMIF($G90:$T90,"",$G91:$T91)+SUMIF($G90:$T90,"F",$G91:$T91)+SUMIF($G90:$T90,"V",$G91:$T91)-($U$9/2))+IF(SUMIF($W90:$AJ90,"",$W91:$AJ91)+SUMIF($W90:$AJ90,"F",$W91:$AJ91)+SUMIF($W90:$AJ90,"V",$W91:$AJ91)-40<0,0,SUMIF($W90:$AJ90,"",$W91:$AJ91)+SUMIF($W90:$AJ90,"F",$W91:$AJ91)+SUMIF($W90:$AJ90,"V",$W91:$AJ91)-($U$9/2)) -> 0 | AO91: =SUMIF($G90:$T90,"M",$G91:$T91)+SUMIF($W90:$AJ90,"M",$W91:$AJ91) -> 0 | AP91: =SUMIF($G90:$T90,"F",$G91:$T91)+SUMIF($W90:$AJ90,"F",$W91:$AJ91) -> 0 | AQ91: =SUMIF($G90:$T90,"V",$G91:$T91)+SUMIF($W90:$AJ90,"V",$W91:$AJ91) -> 0 | AR91: =SUMIF($G90:$T90,"O",$G91:$T91)+SUMIF($W90:$AJ90,"O",$W91:$AJ91) -> 0 | AS91: =SUM(AM91:AR91) -> 0 | AU91: =SUMIF($G90:$T90,"A",$G91:$T91)+SUMIF($W90:$AJ90,"A",$W91:$AJ91) -> 0 | AW91: =IF(B91="",0,IF($U$9="",0,$U$9)) -> 80 | BA91: 2017 | BB91: 12 | BC91: 42883 | BD91: 42896
D92: =IF(D18="","",D18) -> 92032 | E92: =IF(E18="","",E18) | F92: =B83 -> 11 | BA92: 2017 | BB92: 13 | BC92: 42897 | BD92: 42910
B93: =IF(B19="","",B19) -> Benoit, Jean-Paul(Avance $1,600.00) | E93: =IF(E19="","",E19) -> 93595935 | F93: =B83 -> 11 | J93: COMM | L93: COMM | N93: COMM | P93: COMM | R93: COMM | U93: =SUM(G93:T93) -> 0 | Z93: COMM | AB93: COMM | AD93: COMM | AF93: COMM | AH93: COMM | AK93: =SUM(W93:AJ93) -> 0 | AM93: =SUMIF($G92:$T92,"",$G93:$T93)+SUMIF($W92:$AJ92,"",$W93:$AJ93)-AN93 -> 0 | AN93: =IF(SUMIF($G92:$T92,"",$G93:$T93)+SUMIF($G92:$T92,"F",$G93:$T93)+SUMIF($G92:$T92,"V",$G93:$T93)-40<0,0,SUMIF($G92:$T92,"",$G93:$T93)+SUMIF($G92:$T92,"F",$G93:$T93)+SUMIF($G92:$T92,"V",$G93:$T93)-($U$9/2))+IF(SUMIF($W92:$AJ92,"",$W93:$AJ93)+SUMIF($W92:$AJ92,"F",$W93:$AJ93)+SUMIF($W92:$AJ92,"V",$W93:$AJ93)-40<0,0,SUMIF($W92:$AJ92,"",$W93:$AJ93)+SUMIF($W92:$AJ92,"F",$W93:$AJ93)+SUMIF($W92:$AJ92,"V",$W93:$AJ93)-($U$9/2)) -> 0 | AO93: =SUMIF($G92:$T92,"M",$G93:$T93)+SUMIF($W92:$AJ92,"M",$W93:$AJ93) -> 0 | AP93: =SUMIF($G92:$T92,"F",$G93:$T93)+SUMIF($W92:$AJ92,"F",$W93:$AJ93) -> 0 | AQ93: =SUMIF($G92:$T92,"V",$G93:$T93)+SUMIF($W92:$AJ92,"V",$W93:$AJ93) -> 0 | AR93: =SUMIF($G92:$T92,"O",$G93:$T93)+SUMIF($W92:$AJ92,"O",$W93:$AJ93) -> 0 | AS93: =SUM(AM93:AR93) -> 0 | AU93: =SUMIF($G92:$T92,"A",$G93:$T93)+SUMIF($W92:$AJ92,"A",$W93:$AJ93) -> 0 | AW93: =IF(B93="",0,IF($U$9="",0,$U$9)) -> 80 | BA93: 2017 | BB93: 14 | BC93: 42911 | BD93: 42924
D94: =IF(D20="","",D20) -> 81077 | E94: =IF(E20="","",E20) | F94: =B83 -> 11 | BA94: 2017 | BB94: 15 | BC94: 42925 | BD94: 42938
B95: =IF(B21="","",B21) -> Bourassa, Julie | E95: =IF(E21="","",E21) -> 93540 | F95: =B83 -> 11 | J95: 8.5 | L95: 8.5 | N95: 8.5 | P95: 8.5 | R95: 8.5 | U95: =SUM(G95:T95) -> 42.5 | Z95: 8 | AB95: 8.5 | AD95: 8 | AF95: 8.5 | AH95: 8.5 | AK95: =SUM(W95:AJ95) -> 41.5 | AM95: =SUMIF($G94:$T94,"",$G95:$T95)+SUMIF($W94:$AJ94,"",$W95:$AJ95)-AN95 -> 80 | AN95: =IF(SUMIF($G94:$T94,"",$G95:$T95)+SUMIF($G94:$T94,"F",$G95:$T95)+SUMIF($G94:$T94,"V",$G95:$T95)-40<0,0,SUMIF($G94:$T94,"",$G95:$T95)+SUMIF($G94:$T94,"F",$G95:$T95)+SUMIF($G94:$T94,"V",$G95:$T95)-($U$9/2))+IF(SUMIF($W94:$AJ94,"",$W95:$AJ95)+SUMIF($W94:$AJ94,"F",$W95:$AJ95)+SUMIF($W94:$AJ94,"V",$W95:$AJ95)-40<0,0,SUMIF($W94:$AJ94,"",$W95:$AJ95)+SUMIF($W94:$AJ94,"F",$W95:$AJ95)+SUMIF($W94:$AJ94,"V",$W95:$AJ95)-($U$9/2)) -> 4 | AO95: =SUMIF($G94:$T94,"M",$G95:$T95)+SUMIF($W94:$AJ94,"M",$W95:$AJ95) -> 0 | AP95: =SUMIF($G94:$T94,"F",$G95:$T95)+SUMIF($W94:$AJ94,"F",$W95:$AJ95) -> 0 | AQ95: =SUMIF($G94:$T94,"V",$G95:$T95)+SUMIF($W94:$AJ94,"V",$W95:$AJ95) -> 0 | AR95: =SUMIF($G94:$T94,"O",$G95:$T95)+SUMIF($W94:$AJ94,"O",$W95:$AJ95) -> 0 | AS95: =SUM(AM95:AR95) -> 84 | AU95: =SUMIF($G94:$T94,"A",$G95:$T95)+SUMIF($W94:$AJ94,"A",$W95:$AJ95) -> 0 | AW95: =IF(B95="",0,IF($U$9="",0,$U$9)) -> 80 | BA95: 2017 | BB95: 16 | BC95: 42939 | BD95: 42952
D96: =IF(D22="","",D22) -> 78475 | E96: =IF(E22="","",E22) | F96: =B83 -> 11 | BA96: 2017 | BB96: 17 | BC96: 42953 | BD96: 42966
B97: =IF(B23="","",B23) -> Charbonneau, Samuel | E97: =IF(E23="","",E23) -> 93540 | F97: =B83 -> 11 | J97: 8.5 | L97: 8 | N97: 8.5 | P97: 8 | R97: 8 | U97: =SUM(G97:T97) -> 41 | Z97: 8.5 | AB97: 8 | AD97: 8.5 | AF97: 8 | AH97: 8 | AK97: =SUM(W97:AJ97) -> 41 | AM97: =SUMIF($G96:$T96,"",$G97:$T97)+SUMIF($W96:$AJ96,"",$W97:$AJ97)-AN97 -> 80 | AN97: =IF(SUMIF($G96:$T96,"",$G97:$T97)+SUMIF($G96:$T96,"F",$G97:$T97)+SUMIF($G96:$T96,"V",$G97:$T97)-40<0,0,SUMIF($G96:$T96,"",$G97:$T97)+SUMIF($G96:$T96,"F",$G97:$T97)+SUMIF($G96:$T96,"V",$G97:$T97)-($U$9/2))+IF(SUMIF($W96:$AJ96,"",$W97:$AJ97)+SUMIF($W96:$AJ96,"F",$W97:$AJ97)+SUMIF($W96:$AJ96,"V",$W97:$AJ97)-40<0,0,SUMIF($W96:$AJ96,"",$W97:$AJ97)+SUMIF($W96:$AJ96,"F",$W97:$AJ97)+SUMIF($W96:$AJ96,"V",$W97:$AJ97)-($U$9/2)) -> 2 | AO97: =SUMIF($G96:$T96,"M",$G97:$T97)+SUMIF($W96:$AJ96,"M",$W97:$AJ97) -> 0 | AP97: =SUMIF($G96:$T96,"F",$G97:$T97)+SUMIF($W96:$AJ96,"F",$W97:$AJ97) -> 0 | AQ97: =SUMIF($G96:$T96,"V",$G97:$T97)+SUMIF($W96:$AJ96,"V",$W97:$AJ97) -> 0 | AR97: =SUMIF($G96:$T96,"O",$G97:$T97)+SUMIF($W96:$AJ96,"O",$W97:$AJ97) -> 0 | AS97: =SUM(AM97:AR97) -> 82 | AU97: =SUMIF($G96:$T96,"A",$G97:$T97)+SUMIF($W96:$AJ96,"A",$W97:$AJ97) -> 0 | AW97: =IF(B97="",0,IF($U$9="",0,$U$9)) -> 80 | BA97: 2017 | BB97: 18 | BC97: 42967 | BD97: 42980
D98: =IF(D24="","",D24) -> 24238 | E98: =IF(E24="","",E24) | F98: =B83 -> 11 | BA98: 2017 | BB98: 19 | BC98: 42981 | BD98: 42994
B99: =IF(B25="","",B25) -> Curtis, Jason | E99: =IF(E25="","",E25) -> 93595935 | F99: =B83 -> 11 | J99: 8 | L99: 8 | N99: 8 | P99: 8 | R99: 8 | U99: =SUM(G99:T99) -> 40 | Z99: 8 | AB99: 8 | AD99: 8 | AF99: 8 | AH99: 8 | AK99: =SUM(W99:AJ99) -> 40 | AM99: =SUMIF($G98:$T98,"",$G99:$T99)+SUMIF($W98:$AJ98,"",$W99:$AJ99)-AN99 -> 80 | AN99: =IF(SUMIF($G98:$T98,"",$G99:$T99)+SUMIF($G98:$T98,"F",$G99:$T99)+SUMIF($G98:$T98,"V",$G99:$T99)-40<0,0,SUMIF($G98:$T98,"",$G99:$T99)+SUMIF($G98:$T98,"F",$G99:$T99)+SUMIF($G98:$T98,"V",$G99:$T99)-($U$9/2))+IF(SUMIF($W98:$AJ98,"",$W99:$AJ99)+SUMIF($W98:$AJ98,"F",$W99:$AJ99)+SUMIF($W98:$AJ98,"V",$W99:$AJ99)-40<0,0,SUMIF($W98:$AJ98,"",$W99:$AJ99)+SUMIF($W98:$AJ98,"F",$W99:$AJ99)+SUMIF($W98:$AJ98,"V",$W99:$AJ99)-($U$9/2)) -> 0 | AO99: =SUMIF($G98:$T98,"M",$G99:$T99)+SUMIF($W98:$AJ98,"M",$W99:$AJ99) -> 0 | AP99: =SUMIF($G98:$T98,"F",$G99:$T99)+SUMIF($W98:$AJ98,"F",$W99:$AJ99) -> 0 | AQ99: =SUMIF($G98:$T98,"V",$G99:$T99)+SUMIF($W98:$AJ98,"V",$W99:$AJ99) -> 0 | AR99: =SUMIF($G98:$T98,"O",$G99:$T99)+SUMIF($W98:$AJ98,"O",$W99:$AJ99) -> 0 | AS99: =SUM(AM99:AR99) -> 80 | AU99: =SUMIF($G98:$T98,"A",$G99:$T99)+SUMIF($W98:$AJ98,"A",$W99:$AJ99) -> 0 | AW99: =IF(B99="",0,IF($U$9="",0,$U$9)) -> 80 | BA99: 2017 | BB99: 20 | BC99: 42995 | BD99: 43008
D100: =IF(D26="","",D26) -> 79709 | E100: =IF(E26="","",E26) | F100: =B83 -> 11 | BA100: 2017 | BB100: 21 | BC100: 43009 | BD100: 43022
...

Sheet VACATION
G1: LAKNORD
G4: Vacances et | I4: maladie
J7: 10 | K7: =J7+1 -> 11 | L7: =K7+1 -> 12 | M7: =L7+1 -> 13 | N7: =M7+1 -> 14 | O7: =N7+1 -> 15 | P7: =O7+1 -> 16 | Q7: =P7+1 -> 17 | R7: =Q7+1 -> 18 | ... AA7: =Z7+1 -> 27 | AB7: 1 | AC7: =AB7+1 -> 2 | AD7: =AC7+1 -> 3 | AE7: =AD7+1 -> 4 | AF7: =AE7+1 -> 5 | AG7: =AF7+1 -> 6 | AH7: =AG7+1 -> 7 | AI7: =AH7+1 -> 8 | AJ7: =AI7+1 -> 9
B8: EMPLOYÉS | H8: HEURES VAC. | J8: ="PP"&TEXT(J7,"00")&" "&TEXT(SUMIFS(TIMESHEETS!$BD:$BD,TIMESHEETS!$BA:$BA,TIMESHEETS!$D$9,TIMESHEETS!$BB:$BB,J7),"MMM") -> PP10 mai | K8: ="PP"&TEXT(K7,"00")&" "&TEXT(SUMIFS(TIMESHEETS!$BD:$BD,TIMESHEETS!$BA:$BA,TIMESHEETS!$D$9,TIMESHEETS!$BB:$BB,K7),"MMM") -> PP11 mai | L8: ="PP"&TEXT(L7,"00")&" "&TEXT(SUMIFS(TIMESHEETS!$BD:$BD,TIMESHEETS!$BA:$BA,TIMESHEETS!$D$9,TIMESHEETS!$BB:$BB,L7),"MMM") -> PP12 juin | M8: ="PP"&TEXT(M7,"00")&" "&TEXT(SUMIFS(TIMESHEETS!$BD:$BD,TIMESHEETS!$BA:$BA,TIMESHEETS!$D$9,TIMESHEETS!$BB:$BB,M7),"MMM") -> PP13 juin | N8: ="PP"&TEXT(N7,"00")&" "&TEXT(SUMIFS(TIMESHEETS!$BD:$BD,TIMESHEETS!$BA:$BA,TIMESHEETS!$D$9,TIMESHEETS!$BB:$BB,N7),"MMM") -> PP14 juil | O8: ="PP"&TEXT(O7,"00")&" "&TEXT(SUMIFS(TIMESHEETS!$BD:$BD,TIMESHEETS!$BA:$BA,TIMESHEETS!$D$9,TIMESHEETS!$BB:$BB,O7),"MMM") -> PP15 juil | P8: ="PP"&TEXT(P7,"00")&" "&TEXT(SUMIFS(TIMESHEETS!$BD:$BD,TIMESHEETS!$BA:$BA,TIMESHEETS!$D$9,TIMESHEETS!$BB:$BB,P7),"MMM") -> PP16 juil | Q8: ="PP"&TEXT(Q7,"00")&" "&TEXT(SUMIFS(TIMESHEETS!$BD:$BD,TIMESHEETS!$BA:$BA,TIMESHEETS!$D$9,TIMESHEETS!$BB:$BB,Q7),"MMM") -> PP17 août | ... AI8: ="PP"&TEXT(AI7,"00")&" "&TEXT(SUMIFS(TIMESHEETS!$BD:$BD,TIMESHEETS!$BA:$BA,TIMESHEETS!$D$9,TIMESHEETS!$BB:$BB,AI7),"MMM") -> PP08 avr | AJ8: ="PP"&TEXT(AJ7,"00")&IF(SUMIFS(TIMESHEETS!$BD:$BD,TIMESHEETS!$BA:$BA,TIMESHEETS!$D$9,TIMESHEETS!$BB:$BB,AJ7)=0,""," "&TEXT(SUMIFS(TIMESHEETS!$BD:$BD,TIMESHEETS!$BA:$BA,TIMESHEETS!$D$9,TIMESHEETS!$BB:$BB,AJ7),"MMM")) -> PP09 avr | AL8: TOTAL | AM8: NBR Jour
B9: Nom, Prénom | E9: No. Employé | H9: MALADIE
B11: 44333 | H11: 16 | J11: =SUMIFS(TIMESHEETS!$AQ:$AQ,TIMESHEETS!$F:$F,J$7,TIMESHEETS!$B:$B,$B12) -> 0 | K11: =SUMIFS(TIMESHEETS!$AQ:$AQ,TIMESHEETS!$F:$F,K$7,TIMESHEETS!$B:$B,$B12) -> 0 | L11: =SUMIFS(TIMESHEETS!$AQ:$AQ,TIMESHEETS!$F:$F,L$7,TIMESHEETS!$B:$B,$B12) -> 0 | M11: =SUMIFS(TIMESHEETS!$AQ:$AQ,TIMESHEETS!$F:$F,M$7,TIMESHEETS!$B:$B,$B12) -> 0 | N11: =SUMIFS(TIMESHEETS!$AQ:$AQ,TIMESHEETS!$F:$F,N$7,TIMESHEETS!$B:$B,$B12) -> 0 | O11: =SUMIFS(TIMESHEETS!$AQ:$AQ,TIMESHEETS!$F:$F,O$7,TIMESHEETS!$B:$B,$B12) -> 0 | P11: =SUMIFS(TIMESHEETS!$AQ:$AQ,TIMESHEETS!$F:$F,P$7,TIMESHEETS!$B:$B,$B12) -> 0 | Q11: =SUMIFS(TIMESHEETS!$AQ:$AQ,TIMESHEETS!$F:$F,Q$7,TIMESHEETS!$B:$B,$B12) -> 0 | ... AE11: =SUMIFS(TIMESHEETS!$AQ:$AQ,TIMESHEETS!$F:$F,AE$7,TIMESHEETS!$B:$B,$B12) -> 0 | AF11: 0 | AG11: =SUMIFS(TIMESHEETS!$AQ:$AQ,TIMESHEETS!$F:$F,AG$7,TIMESHEETS!$B:$B,$B12) -> 0 | AH11: =SUMIFS(TIMESHEETS!$AQ:$AQ,TIMESHEETS!$F:$F,AH$7,TIMESHEETS!$B:$B,$B12) -> 0 | AI11: =SUMIFS(TIMESHEETS!$AQ:$AQ,TIMESHEETS!$F:$F,AI$7,TIMESHEETS!$B:$B,$B12) -> 0 | AJ11: =SUMIFS(TIMESHEETS!$AQ:$AQ,TIMESHEETS!$F:$F,AJ$7,TIMESHEETS!$B:$B,$B12) -> 0 | AL11: =H11-SUM(J11:AJ11) -> 0 | AM11: =AL11/8 -> 0
B12: Gaulin, Francis | H12: 16 | J12: =SUMIFS(TIMESHEETS!$AO:$AO,TIMESHEETS!$F:$F,J$7,TIMESHEETS!$B:$B,$B12) -> 0 | K12: =SUMIFS(TIMESHEETS!$AO:$AO,TIMESHEETS!$F:$F,K$7,TIMESHEETS!$B:$B,$B12) -> 0 | L12: =SUMIFS(TIMESHEETS!$AO:$AO,TIMESHEETS!$F:$F,L$7,TIMESHEETS!$B:$B,$B12) -> 0 | M12: =SUMIFS(TIMESHEETS!$AO:$AO,TIMESHEETS!$F:$F,M$7,TIMESHEETS!$B:$B,$B12) -> 0 | N12: =SUMIFS(TIMESHEETS!$AO:$AO,TIMESHEETS!$F:$F,N$7,TIMESHEETS!$B:$B,$B12) -> 0 | O12: =SUMIFS(TIMESHEETS!$AO:$AO,TIMESHEETS!$F:$F,O$7,TIMESHEETS!$B:$B,$B12) -> 0 | P12: =SUMIFS(TIMESHEETS!$AO:$AO,TIMESHEETS!$F:$F,P$7,TIMESHEETS!$B:$B,$B12) -> 0 | Q12: =SUMIFS(TIMESHEETS!$AO:$AO,TIMESHEETS!$F:$F,Q$7,TIMESHEETS!$B:$B,$B12) -> 0 | ... AJ12: =SUMIFS(TIMESHEETS!$AO:$AO,TIMESHEETS!$F:$F,AJ$7,TIMESHEETS!$B:$B,$B12) -> 8 | AL12: =H12-SUM(J12:AJ12) -> -8
B14: 38159 | H14: 160 | J14: =SUMIFS(TIMESHEETS!$AQ:$AQ,TIMESHEETS!$F:$F,J$7,TIMESHEETS!$B:$B,$B15) -> 0 | K14: =SUMIFS(TIMESHEETS!$AQ:$AQ,TIMESHEETS!$F:$F,K$7,TIMESHEETS!$B:$B,$B15) -> 0 | L14: =SUMIFS(TIMESHEETS!$AQ:$AQ,TIMESHEETS!$F:$F,L$7,TIMESHEETS!$B:$B,$B15) -> 0 | M14: =SUMIFS(TIMESHEETS!$AQ:$AQ,TIMESHEETS!$F:$F,M$7,TIMESHEETS!$B:$B,$B15) -> 0 | N14: =SUMIFS(TIMESHEETS!$AQ:$AQ,TIMESHEETS!$F:$F,N$7,TIMESHEETS!$B:$B,$B15) -> 0 | O14: =SUMIFS(TIMESHEETS!$AQ:$AQ,TIMESHEETS!$F:$F,O$7,TIMESHEETS!$B:$B,$B15) -> 0 | P14: =SUMIFS(TIMESHEETS!$AQ:$AQ,TIMESHEETS!$F:$F,P$7,TIMESHEETS!$B:$B,$B15) -> 0 | Q14: =SUMIFS(TIMESHEETS!$AQ:$AQ,TIMESHEETS!$F:$F,Q$7,TIMESHEETS!$B:$B,$B15) -> 0 | ... AJ14: =SUMIFS(TIMESHEETS!$AQ:$AQ,TIMESHEETS!$F:$F,AJ$7,TIMESHEETS!$B:$B,$B15) -> 0 | AL14: =H14-SUM(J14:AJ14) -> 8 | AM14: =AL14/8 -> 1
B15: Bourassa, Julie | H15: 16 | J15: =SUMIFS(TIMESHEETS!$AO:$AO,TIMESHEETS!$F:$F,J$7,TIMESHEETS!$B:$B,$B15) -> 0 | K15: =SUMIFS(TIMESHEETS!$AO:$AO,TIMESHEETS!$F:$F,K$7,TIMESHEETS!$B:$B,$B15) -> 0 | L15: =SUMIFS(TIMESHEETS!$AO:$AO,TIMESHEETS!$F:$F,L$7,TIMESHEETS!$B:$B,$B15) -> 0 | M15: =SUMIFS(TIMESHEETS!$AO:$AO,TIMESHEETS!$F:$F,M$7,TIMESHEETS!$B:$B,$B15) -> 0 | N15: =SUMIFS(TIMESHEETS!$AO:$AO,TIMESHEETS!$F:$F,N$7,TIMESHEETS!$B:$B,$B15) -> 0 | O15: =SUMIFS(TIMESHEETS!$AO:$AO,TIMESHEETS!$F:$F,O$7,TIMESHEETS!$B:$B,$B15) -> 0 | P15: =SUMIFS(TIMESHEETS!$AO:$AO,TIMESHEETS!$F:$F,P$7,TIMESHEETS!$B:$B,$B15) -> 0 | Q15: =SUMIFS(TIMESHEETS!$AO:$AO,TIMESHEETS!$F:$F,Q$7,TIMESHEETS!$B:$B,$B15) -> 0 | ... AJ15: =SUMIFS(TIMESHEETS!$AO:$AO,TIMESHEETS!$F:$F,AJ$7,TIMESHEETS!$B:$B,$B15) -> 0 | AL15: =H15-SUM(J15:AJ15) -> 0
B17: 42408 | H17: 128 | J17: =SUMIFS(TIMESHEETS!$AQ:$AQ,TIMESHEETS!$F:$F,J$7,TIMESHEETS!$B:$B,$B18) -> 8 | K17: =SUMIFS(TIMESHEETS!$AQ:$AQ,TIMESHEETS!$F:$F,K$7,TIMESHEETS!$B:$B,$B18) -> 0 | L17: =SUMIFS(TIMESHEETS!$AQ:$AQ,TIMESHEETS!$F:$F,L$7,TIMESHEETS!$B:$B,$B18) -> 8 | M17: =SUMIFS(TIMESHEETS!$AQ:$AQ,TIMESHEETS!$F:$F,M$7,TIMESHEETS!$B:$B,$B18) -> 0 | N17: =SUMIFS(TIMESHEETS!$AQ:$AQ,TIMESHEETS!$F:$F,N$7,TIMESHEETS!$B:$B,$B18) -> 0 | O17: =SUMIFS(TIMESHEETS!$AQ:$AQ,TIMESHEETS!$F:$F,O$7,TIMESHEETS!$B:$B,$B18) -> 0 | P17: =SUMIFS(TIMESHEETS!$AQ:$AQ,TIMESHEETS!$F:$F,P$7,TIMESHEETS!$B:$B,$B18) -> 80 | Q17: =SUMIFS(TIMESHEETS!$AQ:$AQ,TIMESHEETS!$F:$F,Q$7,TIMESHEETS!$B:$B,$B18) -> 0 | ... AJ17: =SUMIFS(TIMESHEETS!$AQ:$AQ,TIMESHEETS!$F:$F,AJ$7,TIMESHEETS!$B:$B,$B18) -> 0 | AL17: =H17-SUM(J17:AJ17) -> 0 | AM17: =AL17/8 -> 0
B18: Charbonneau, Samuel | H18: 16 | J18: =SUMIFS(TIMESHEETS!$AO:$AO,TIMESHEETS!$F:$F,J$7,TIMESHEETS!$B:$B,$B18) -> 0 | K18: =SUMIFS(TIMESHEETS!$AO:$AO,TIMESHEETS!$F:$F,K$7,TIMESHEETS!$B:$B,$B18) -> 0 | L18: =SUMIFS(TIMESHEETS!$AO:$AO,TIMESHEETS!$F:$F,L$7,TIMESHEETS!$B:$B,$B18) -> 0 | M18: =SUMIFS(TIMESHEETS!$AO:$AO,TIMESHEETS!$F:$F,M$7,TIMESHEETS!$B:$B,$B18) -> 0 | N18: =SUMIFS(TIMESHEETS!$AO:$AO,TIMESHEETS!$F:$F,N$7,TIMESHEETS!$B:$B,$B18) -> 0 | O18: =SUMIFS(TIMESHEETS!$AO:$AO,TIMESHEETS!$F:$F,O$7,TIMESHEETS!$B:$B,$B18) -> 0 | P18: =SUMIFS(TIMESHEETS!$AO:$AO,TIMESHEETS!$F:$F,P$7,TIMESHEETS!$B:$B,$B18) -> 0 | Q18: =SUMIFS(TIMESHEETS!$AO:$AO,TIMESHEETS!$F:$F,Q$7,TIMESHEETS!$B:$B,$B18) -> 8 | ... AJ18: =SUMIFS(TIMESHEETS!$AO:$AO,TIMESHEETS!$F:$F,AJ$7,TIMESHEETS!$B:$B,$B18) -> 0 | AL18: =H18-SUM(J18:AJ18) -> 0
H20: 0 | J20: =SUMIFS(TIMESHEETS!$AQ:$AQ,TIMESHEETS!$F:$F,J$7,TIMESHEETS!$B:$B,$B21) -> 0 | K20: =SUMIFS(TIMESHEETS!$AQ:$AQ,TIMESHEETS!$F:$F,K$7,TIMESHEETS!$B:$B,$B21) -> 0 | L20: =SUMIFS(TIMESHEETS!$AQ:$AQ,TIMESHEETS!$F:$F,L$7,TIMESHEETS!$B:$B,$B21) -> 0 | M20: =SUMIFS(TIMESHEETS!$AQ:$AQ,TIMESHEETS!$F:$F,M$7,TIMESHEETS!$B:$B,$B21) -> 0 | N20: =SUMIFS(TIMESHEETS!$AQ:$AQ,TIMESHEETS!$F:$F,N$7,TIMESHEETS!$B:$B,$B21) -> 0 | O20: =SUMIFS(TIMESHEETS!$AQ:$AQ,TIMESHEETS!$F:$F,O$7,TIMESHEETS!$B:$B,$B21) -> 0 | P20: =SUMIFS(TIMESHEETS!$AQ:$AQ,TIMESHEETS!$F:$F,P$7,TIMESHEETS!$B:$B,$B21) -> 0 | Q20: =SUMIFS(TIMESHEETS!$AQ:$AQ,TIMESHEETS!$F:$F,Q$7,TIMESHEETS!$B:$B,$B21) -> 0 | ... AJ20: =SUMIFS(TIMESHEETS!$AQ:$AQ,TIMESHEETS!$F:$F,AJ$7,TIMESHEETS!$B:$B,$B21) -> 0 | AL20: =H20-SUM(J20:AJ20) -> 0 | AM20: =AL20/8 -> 0
H21: 0 | J21: =SUMIFS(TIMESHEETS!$AO:$AO,TIMESHEETS!$F:$F,J$7,TIMESHEETS!$B:$B,$B21) -> 0 | K21: =SUMIFS(TIMESHEETS!$AO:$AO,TIMESHEETS!$F:$F,K$7,TIMESHEETS!$B:$B,$B21) -> 0 | L21: =SUMIFS(TIMESHEETS!$AO:$AO,TIMESHEETS!$F:$F,L$7,TIMESHEETS!$B:$B,$B21) -> 0 | M21: =SUMIFS(TIMESHEETS!$AO:$AO,TIMESHEETS!$F:$F,M$7,TIMESHEETS!$B:$B,$B21) -> 0 | N21: =SUMIFS(TIMESHEETS!$AO:$AO,TIMESHEETS!$F:$F,N$7,TIMESHEETS!$B:$B,$B21) -> 0 | O21: =SUMIFS(TIMESHEETS!$AO:$AO,TIMESHEETS!$F:$F,O$7,TIMESHEETS!$B:$B,$B21) -> 0 | P21: =SUMIFS(TIMESHEETS!$AO:$AO,TIMESHEETS!$F:$F,P$7,TIMESHEETS!$B:$B,$B21) -> 0 | Q21: =SUMIFS(TIMESHEETS!$AO:$AO,TIMESHEETS!$F:$F,Q$7,TIMESHEETS!$B:$B,$B21) -> 0 | ... AJ21: =SUMIFS(TIMESHEETS!$AO:$AO,TIMESHEETS!$F:$F,AJ$7,TIMESHEETS!$B:$B,$B21) -> 0 | AL21: =H21-SUM(J21:AJ21) -> 0
B23: 36416 | H23: 200 | J23: =SUMIFS(TIMESHEETS!$AQ:$AQ,TIMESHEETS!$F:$F,J$7,TIMESHEETS!$B:$B,$B24) -> 0 | K23: =SUMIFS(TIMESHEETS!$AQ:$AQ,TIMESHEETS!$F:$F,K$7,TIMESHEETS!$B:$B,$B24) -> 0 | L23: =SUMIFS(TIMESHEETS!$AQ:$AQ,TIMESHEETS!$F:$F,L$7,TIMESHEETS!$B:$B,$B24) -> 0 | M23: =SUMIFS(TIMESHEETS!$AQ:$AQ,TIMESHEETS!$F:$F,M$7,TIMESHEETS!$B:$B,$B24) -> 0 | N23: =SUMIFS(TIMESHEETS!$AQ:$AQ,TIMESHEETS!$F:$F,N$7,TIMESHEETS!$B:$B,$B24) -> 0 | O23: =SUMIFS(TIMESHEETS!$AQ:$AQ,TIMESHEETS!$F:$F,O$7,TIMESHEETS!$B:$B,$B24) -> 0 | P23: =SUMIFS(TIMESHEETS!$AQ:$AQ,TIMESHEETS!$F:$F,P$7,TIMESHEETS!$B:$B,$B24) -> 80 | Q23: =SUMIFS(TIMESHEETS!$AQ:$AQ,TIMESHEETS!$F:$F,Q$7,TIMESHEETS!$B:$B,$B24) -> 0 | ... AJ23: =SUMIFS(TIMESHEETS!$AQ:$AQ,TIMESHEETS!$F:$F,AJ$7,TIMESHEETS!$B:$B,$B24) -> 0 | AL23: =H23-SUM(J23:AJ23) -> 56 | AM23: =AL23/8 -> 7
B24: Descoteaux, Gerald | H24: 16 | J24: =SUMIFS(TIMESHEETS!$AO:$AO,TIMESHEETS!$F:$F,J$7,TIMESHEETS!$B:$B,$B24) -> 0 | K24: =SUMIFS(TIMESHEETS!$AO:$AO,TIMESHEETS!$F:$F,K$7,TIMESHEETS!$B:$B,$B24) -> 0 | L24: =SUMIFS(TIMESHEETS!$AO:$AO,TIMESHEETS!$F:$F,L$7,TIMESHEETS!$B:$B,$B24) -> 0 | M24: =SUMIFS(TIMESHEETS!$AO:$AO,TIMESHEETS!$F:$F,M$7,TIMESHEETS!$B:$B,$B24) -> 0 | N24: =SUMIFS(TIMESHEETS!$AO:$AO,TIMESHEETS!$F:$F,N$7,TIMESHEETS!$B:$B,$B24) -> 0 | O24: =SUMIFS(TIMESHEETS!$AO:$AO,TIMESHEETS!$F:$F,O$7,TIMESHEETS!$B:$B,$B24) -> 0 | P24: =SUMIFS(TIMESHEETS!$AO:$AO,TIMESHEETS!$F:$F,P$7,TIMESHEETS!$B:$B,$B24) -> 0 | Q24: =SUMIFS(TIMESHEETS!$AO:$AO,TIMESHEETS!$F:$F,Q$7,TIMESHEETS!$B:$B,$B24) -> 0 | ... AJ24: =SUMIFS(TIMESHEETS!$AO:$AO,TIMESHEETS!$F:$F,AJ$7,TIMESHEETS!$B:$B,$B24) -> 0 | AL24: =H24-SUM(J24:AJ24) -> 16
B26: 43318 | H26: 120 | J26: =SUMIFS(TIMESHEETS!$AQ:$AQ,TIMESHEETS!$F:$F,J$7,TIMESHEETS!$B:$B,$B27) -> 0 | K26: =SUMIFS(TIMESHEETS!$AQ:$AQ,TIMESHEETS!$F:$F,K$7,TIMESHEETS!$B:$B,$B27) -> 0 | L26: =SUMIFS(TIMESHEETS!$AQ:$AQ,TIMESHEETS!$F:$F,L$7,TIMESHEETS!$B:$B,$B27) -> 0 | M26: =SUMIFS(TIMESHEETS!$AQ:$AQ,TIMESHEETS!$F:$F,M$7,TIMESHEETS!$B:$B,$B27) -> 0 | N26: =SUMIFS(TIMESHEETS!$AQ:$AQ,TIMESHEETS!$F:$F,N$7,TIMESHEETS!$B:$B,$B27) -> 0 | O26: =SUMIFS(TIMESHEETS!$AQ:$AQ,TIMESHEETS!$F:$F,O$7,TIMESHEETS!$B:$B,$B27) -> 0 | P26: =SUMIFS(TIMESHEETS!$AQ:$AQ,TIMESHEETS!$F:$F,P$7,TIMESHEETS!$B:$B,$B27) -> 80 | Q26: =SUMIFS(TIMESHEETS!$AQ:$AQ,TIMESHEETS!$F:$F,Q$7,TIMESHEETS!$B:$B,$B27) -> 0 | ... AJ26: =SUMIFS(TIMESHEETS!$AQ:$AQ,TIMESHEETS!$F:$F,AJ$7,TIMESHEETS!$B:$B,$B27) -> 0 | AL26: =H26-SUM(J26:AJ26) -> 0 | AM26: =AL26/8 -> 0
B27: De Rose, Natale | H27: 16 | J27: =SUMIFS(TIMESHEETS!$AO:$AO,TIMESHEETS!$F:$F,J$7,TIMESHEETS!$B:$B,$B27) -> 0 | K27: =SUMIFS(TIMESHEETS!$AO:$AO,TIMESHEETS!$F:$F,K$7,TIMESHEETS!$B:$B,$B27) -> 0 | L27: =SUMIFS(TIMESHEETS!$AO:$AO,TIMESHEETS!$F:$F,L$7,TIMESHEETS!$B:$B,$B27) -> 0 | M27: =SUMIFS(TIMESHEETS!$AO:$AO,TIMESHEETS!$F:$F,M$7,TIMESHEETS!$B:$B,$B27) -> 0 | N27: =SUMIFS(TIMESHEETS!$AO:$AO,TIMESHEETS!$F:$F,N$7,TIMESHEETS!$B:$B,$B27) -> 0 | O27: =SUMIFS(TIMESHEETS!$AO:$AO,TIMESHEETS!$F:$F,O$7,TIMESHEETS!$B:$B,$B27) -> 0 | P27: =SUMIFS(TIMESHEETS!$AO:$AO,TIMESHEETS!$F:$F,P$7,TIMESHEETS!$B:$B,$B27) -> 0 | Q27: =SUMIFS(TIMESHEETS!$AO:$AO,TIMESHEETS!$F:$F,Q$7,TIMESHEETS!$B:$B,$B27) -> 0 | ... AJ27: =SUMIFS(TIMESHEETS!$AO:$AO,TIMESHEETS!$F:$F,AJ$7,TIMESHEETS!$B:$B,$B27) -> 0 | AL27: =H27-SUM(J27:AJ27) -> 16
B29: 39853 | H29: 160 | J29: =SUMIFS(TIMESHEETS!$AQ:$AQ,TIMESHEETS!$F:$F,J$7,TIMESHEETS!$B:$B,$B30) -> 0 | K29: =SUMIFS(TIMESHEETS!$AQ:$AQ,TIMESHEETS!$F:$F,K$7,TIMESHEETS!$B:$B,$B30) -> 0 | L29: =SUMIFS(TIMESHEETS!$AQ:$AQ,TIMESHEETS!$F:$F,L$7,TIMESHEETS!$B:$B,$B30) -> 0 | M29: =SUMIFS(TIMESHEETS!$AQ:$AQ,TIMESHEETS!$F:$F,M$7,TIMESHEETS!$B:$B,$B30) -> 0 | N29: =SUMIFS(TIMESHEETS!$AQ:$AQ,TIMESHEETS!$F:$F,N$7,TIMESHEETS!$B:$B,$B30) -> 0 | O29: =SUMIFS(TIMESHEETS!$AQ:$AQ,TIMESHEETS!$F:$F,O$7,TIMESHEETS!$B:$B,$B30) -> 0 | P29: =SUMIFS(TIMESHEETS!$AQ:$AQ,TIMESHEETS!$F:$F,P$7,TIMESHEETS!$B:$B,$B30) -> 80 | Q29: =SUMIFS(TIMESHEETS!$AQ:$AQ,TIMESHEETS!$F:$F,Q$7,TIMESHEETS!$B:$B,$B30) -> 0 | ... AJ29: =SUMIFS(TIMESHEETS!$AQ:$AQ,TIMESHEETS!$F:$F,AJ$7,TIMESHEETS!$B:$B,$B30) -> 0 | AL29: =H29-SUM(J29:AJ29) -> 0 | AM29: =AL29/8 -> 0
B30: Fortin, Veronique | H30: 16 | J30: =SUMIFS(TIMESHEETS!$AO:$AO,TIMESHEETS!$F:$F,J$7,TIMESHEETS!$B:$B,$B30) -> 0 | K30: =SUMIFS(TIMESHEETS!$AO:$AO,TIMESHEETS!$F:$F,K$7,TIMESHEETS!$B:$B,$B30) -> 8 | L30: =SUMIFS(TIMESHEETS!$AO:$AO,TIMESHEETS!$F:$F,L$7,TIMESHEETS!$B:$B,$B30) -> 0 | M30: =SUMIFS(TIMESHEETS!$AO:$AO,TIMESHEETS!$F:$F,M$7,TIMESHEETS!$B:$B,$B30) -> 0 | N30: =SUMIFS(TIMESHEETS!$AO:$AO,TIMESHEETS!$F:$F,N$7,TIMESHEETS!$B:$B,$B30) -> 0 | O30: =SUMIFS(TIMESHEETS!$AO:$AO,TIMESHEETS!$F:$F,O$7,TIMESHEETS!$B:$B,$B30) -> 0 | P30: =SUMIFS(TIMESHEETS!$AO:$AO,TIMESHEETS!$F:$F,P$7,TIMESHEETS!$B:$B,$B30) -> 0 | Q30: =SUMIFS(TIMESHEETS!$AO:$AO,TIMESHEETS!$F:$F,Q$7,TIMESHEETS!$B:$B,$B30) -> 0 | ... AJ30: =SUMIFS(TIMESHEETS!$AO:$AO,TIMESHEETS!$F:$F,AJ$7,TIMESHEETS!$B:$B,$B30) -> 0 | AL30: =H30-SUM(J30:AJ30) -> 0
B32: 42458 | H32: 120 | J32: =SUMIFS(TIMESHEETS!$AQ:$AQ,TIMESHEETS!$F:$F,J$7,TIMESHEETS!$B:$B,$B33) -> 0 | K32: =SUMIFS(TIMESHEETS!$AQ:$AQ,TIMESHEETS!$F:$F,K$7,TIMESHEETS!$B:$B,$B33) -> 0 | L32: =SUMIFS(TIMESHEETS!$AQ:$AQ,TIMESHEETS!$F:$F,L$7,TIMESHEETS!$B:$B,$B33) -> 0 | M32: =SUMIFS(TIMESHEETS!$AQ:$AQ,TIMESHEETS!$F:$F,M$7,TIMESHEETS!$B:$B,$B33) -> 0 | N32: =SUMIFS(TIMESHEETS!$AQ:$AQ,TIMESHEETS!$F:$F,N$7,TIMESHEETS!$B:$B,$B33) -> 0 | O32: =SUMIFS(TIMESHEETS!$AQ:$AQ,TIMESHEETS!$F:$F,O$7,TIMESHEETS!$B:$B,$B33) -> 0 | P32: =SUMIFS(TIMESHEETS!$AQ:$AQ,TIMESHEETS!$F:$F,P$7,TIMESHEETS!$B:$B,$B33) -> 80 | Q32: =SUMIFS(TIMESHEETS!$AQ:$AQ,TIMESHEETS!$F:$F,Q$7,TIMESHEETS!$B:$B,$B33) -> 0 | ... AJ32: =SUMIFS(TIMESHEETS!$AQ:$AQ,TIMESHEETS!$F:$F,AJ$7,TIMESHEETS!$B:$B,$B33) -> 0 | AL32: =H32-SUM(J32:AJ32) -> 0 | AM32: =AL32/8 -> 0
B33: Gadbois, Dominic | H33: 16 | J33: =SUMIFS(TIMESHEETS!$AO:$AO,TIMESHEETS!$F:$F,J$7,TIMESHEETS!$B:$B,$B33) -> 0 | K33: =SUMIFS(TIMESHEETS!$AO:$AO,TIMESHEETS!$F:$F,K$7,TIMESHEETS!$B:$B,$B33) -> 0 | L33: =SUMIFS(TIMESHEETS!$AO:$AO,TIMESHEETS!$F:$F,L$7,TIMESHEETS!$B:$B,$B33) -> 0 | M33: =SUMIFS(TIMESHEETS!$AO:$AO,TIMESHEETS!$F:$F,M$7,TIMESHEETS!$B:$B,$B33) -> 0 | N33: =SUMIFS(TIMESHEETS!$AO:$AO,TIMESHEETS!$F:$F,N$7,TIMESHEETS!$B:$B,$B33) -> 0 | O33: =SUMIFS(TIMESHEETS!$AO:$AO,TIMESHEETS!$F:$F,O$7,TIMESHEETS!$B:$B,$B33) -> 8 | P33: =SUMIFS(TIMESHEETS!$AO:$AO,TIMESHEETS!$F:$F,P$7,TIMESHEETS!$B:$B,$B33) -> 0 | Q33: =SUMIFS(TIMESHEETS!$AO:$AO,TIMESHEETS!$F:$F,Q$7,TIMESHEETS!$B:$B,$B33) -> 8 | ... AJ33: =SUMIFS(TIMESHEETS!$AO:$AO,TIMESHEETS!$F:$F,AJ$7,TIMESHEETS!$B:$B,$B33) -> 0 | AL33: =H33-SUM(J33:AJ33) -> -16
B35: 44165 | H35: 40 | J35: =SUMIFS(TIMESHEETS!$AQ:$AQ,TIMESHEETS!$F:$F,J$7,TIMESHEETS!$B:$B,$B36) -> 0 | K35: =SUMIFS(TIMESHEETS!$AQ:$AQ,TIMESHEETS!$F:$F,K$7,TIMESHEETS!$B:$B,$B36) -> 0 | L35: =SUMIFS(TIMESHEETS!$AQ:$AQ,TIMESHEETS!$F:$F,L$7,TIMESHEETS!$B:$B,$B36) -> 0 | M35: =SUMIFS(TIMESHEETS!$AQ:$AQ,TIMESHEETS!$F:$F,M$7,TIMESHEETS!$B:$B,$B36) -> 0 | N35: =SUMIFS(TIMESHEETS!$AQ:$AQ,TIMESHEETS!$F:$F,N$7,TIMESHEETS!$B:$B,$B36) -> 0 | O35: =SUMIFS(TIMESHEETS!$AQ:$AQ,TIMESHEETS!$F:$F,O$7,TIMESHEETS!$B:$B,$B36) -> 0 | P35: =SUMIFS(TIMESHEETS!$AQ:$AQ,TIMESHEETS!$F:$F,P$7,TIMESHEETS!$B:$B,$B36) -> 24 | Q35: =SUMIFS(TIMESHEETS!$AQ:$AQ,TIMESHEETS!$F:$F,Q$7,TIMESHEETS!$B:$B,$B36) -> 16 | ... AJ35: =SUMIFS(TIMESHEETS!$AQ:$AQ,TIMESHEETS!$F:$F,AJ$7,TIMESHEETS!$B:$B,$B36) -> 0 | AL35: =H35-SUM(J35:AJ35) -> 0 | AM35: =AL35/8 -> 0
B36: Knox Michaud, Jessy | H36: 16 | J36: =SUMIFS(TIMESHEETS!$AO:$AO,TIMESHEETS!$F:$F,J$7,TIMESHEETS!$B:$B,$B36) -> 0 | K36: =SUMIFS(TIMESHEETS!$AO:$AO,TIMESHEETS!$F:$F,K$7,TIMESHEETS!$B:$B,$B36) -> 0 | L36: =SUMIFS(TIMESHEETS!$AO:$AO,TIMESHEETS!$F:$F,L$7,TIMESHEETS!$B:$B,$B36) -> 0 | M36: =SUMIFS(TIMESHEETS!$AO:$AO,TIMESHEETS!$F:$F,M$7,TIMESHEETS!$B:$B,$B36) -> 0 | N36: =SUMIFS(TIMESHEETS!$AO:$AO,TIMESHEETS!$F:$F,N$7,TIMESHEETS!$B:$B,$B36) -> 0 | O36: =SUMIFS(TIMESHEETS!$AO:$AO,TIMESHEETS!$F:$F,O$7,TIMESHEETS!$B:$B,$B36) -> 0 | P36: =SUMIFS(TIMESHEETS!$AO:$AO,TIMESHEETS!$F:$F,P$7,TIMESHEETS!$B:$B,$B36) -> 0 | Q36: =SUMIFS(TIMESHEETS!$AO:$AO,TIMESHEETS!$F:$F,Q$7,TIMESHEETS!$B:$B,$B36) -> 0 | ... AJ36: =SUMIFS(TIMESHEETS!$AO:$AO,TIMESHEETS!$F:$F,AJ$7,TIMESHEETS!$B:$B,$B36) -> 0 | AL36: =H36-SUM(J36:AJ36) -> 0
B38: 40868 | H38: 200 | J38: =SUMIFS(TIMESHEETS!$AQ:$AQ,TIMESHEETS!$F:$F,J$7,TIMESHEETS!$B:$B,$B39) -> 8 | K38: =SUMIFS(TIMESHEETS!$AQ:$AQ,TIMESHEETS!$F:$F,K$7,TIMESHEETS!$B:$B,$B39) -> 32 | L38: =SUMIFS(TIMESHEETS!$AQ:$AQ,TIMESHEETS!$F:$F,L$7,TIMESHEETS!$B:$B,$B39) -> 0 | M38: =SUMIFS(TIMESHEETS!$AQ:$AQ,TIMESHEETS!$F:$F,M$7,TIMESHEETS!$B:$B,$B39) -> 0 | N38: =SUMIFS(TIMESHEETS!$AQ:$AQ,TIMESHEETS!$F:$F,N$7,TIMESHEETS!$B:$B,$B39) -> 0 | O38: =SUMIFS(TIMESHEETS!$AQ:$AQ,TIMESHEETS!$F:$F,O$7,TIMESHEETS!$B:$B,$B39) -> 0 | P38: =SUMIFS(TIMESHEETS!$AQ:$AQ,TIMESHEETS!$F:$F,P$7,TIMESHEETS!$B:$B,$B39) -> 80 | Q38: =SUMIFS(TIMESHEETS!$AQ:$AQ,TIMESHEETS!$F:$F,Q$7,TIMESHEETS!$B:$B,$B39) -> 0 | ... AJ38: =SUMIFS(TIMESHEETS!$AQ:$AQ,TIMESHEETS!$F:$F,AJ$7,TIMESHEETS!$B:$B,$B39) -> 0 | AL38: =H38-SUM(J38:AJ38) -> 0 | AM38: =AL38/8 -> 0
B39: Landry, Bernard | H39: 16 | J39: =SUMIFS(TIMESHEETS!$AO:$AO,TIMESHEETS!$F:$F,J$7,TIMESHEETS!$B:$B,$B39) -> 0 | K39: =SUMIFS(TIMESHEETS!$AO:$AO,TIMESHEETS!$F:$F,K$7,TIMESHEETS!$B:$B,$B39) -> 0 | L39: =SUMIFS(TIMESHEETS!$AO:$AO,TIMESHEETS!$F:$F,L$7,TIMESHEETS!$B:$B,$B39) -> 0 | M39: =SUMIFS(TIMESHEETS!$AO:$AO,TIMESHEETS!$F:$F,M$7,TIMESHEETS!$B:$B,$B39) -> 0 | N39: =SUMIFS(TIMESHEETS!$AO:$AO,TIMESHEETS!$F:$F,N$7,TIMESHEETS!$B:$B,$B39) -> 0 | O39: =SUMIFS(TIMESHEETS!$AO:$AO,TIMESHEETS!$F:$F,O$7,TIMESHEETS!$B:$B,$B39) -> 0 | P39: =SUMIFS(TIMESHEETS!$AO:$AO,TIMESHEETS!$F:$F,P$7,TIMESHEETS!$B:$B,$B39) -> 0 | Q39: =SUMIFS(TIMESHEETS!$AO:$AO,TIMESHEETS!$F:$F,Q$7,TIMESHEETS!$B:$B,$B39) -> 0 | ... AJ39: =SUMIFS(TIMESHEETS!$AO:$AO,TIMESHEETS!$F:$F,AJ$7,TIMESHEETS!$B:$B,$B39) -> 0 | AL39: =H39-SUM(J39:AJ39) -> 0
B41: 37093 | H41: 248 | J41: =SUMIFS(TIMESHEETS!$AQ:$AQ,TIMESHEETS!$F:$F,J$7,TIMESHEETS!$B:$B,$B42) -> 40 | K41: =SUMIFS(TIMESHEETS!$AQ:$AQ,TIMESHEETS!$F:$F,K$7,TIMESHEETS!$B:$B,$B42) -> 8 | L41: =SUMIFS(TIMESHEETS!$AQ:$AQ,TIMESHEETS!$F:$F,L$7,TIMESHEETS!$B:$B,$B42) -> 0 | M41: =SUMIFS(TIMESHEETS!$AQ:$AQ,TIMESHEETS!$F:$F,M$7,TIMESHEETS!$B:$B,$B42) -> 0 | N41: =SUMIFS(TIMESHEETS!$AQ:$AQ,TIMESHEETS!$F:$F,N$7,TIMESHEETS!$B:$B,$B42) -> 0 | O41: =SUMIFS(TIMESHEETS!$AQ:$AQ,TIMESHEETS!$F:$F,O$7,TIMESHEETS!$B:$B,$B42) -> 0 | P41: =SUMIFS(TIMESHEETS!$AQ:$AQ,TIMESHEETS!$F:$F,P$7,TIMESHEETS!$B:$B,$B42) -> 80 | Q41: =SUMIFS(TIMESHEETS!$AQ:$AQ,TIMESHEETS!$F:$F,Q$7,TIMESHEETS!$B:$B,$B42) -> 0 | ... AJ41: =SUMIFS(TIMESHEETS!$AQ:$AQ,TIMESHEETS!$F:$F,AJ$7,TIMESHEETS!$B:$B,$B42) -> 32 | AL41: =H41-SUM(J41:AJ41) -> 40 | AM41: =AL41/8 -> 5
B42: Lelievre, Anik | H42: 16 | J42: =SUMIFS(TIMESHEETS!$AO:$AO,TIMESHEETS!$F:$F,J$7,TIMESHEETS!$B:$B,$B42) -> 0 | K42: =SUMIFS(TIMESHEETS!$AO:$AO,TIMESHEETS!$F:$F,K$7,TIMESHEETS!$B:$B,$B42) -> 0 | L42: =SUMIFS(TIMESHEETS!$AO:$AO,TIMESHEETS!$F:$F,L$7,TIMESHEETS!$B:$B,$B42) -> 0 | M42: =SUMIFS(TIMESHEETS!$AO:$AO,TIMESHEETS!$F:$F,M$7,TIMESHEETS!$B:$B,$B42) -> 0 | N42: =SUMIFS(TIMESHEETS!$AO:$AO,TIMESHEETS!$F:$F,N$7,TIMESHEETS!$B:$B,$B42) -> 0 | O42: =SUMIFS(TIMESHEETS!$AO:$AO,TIMESHEETS!$F:$F,O$7,TIMESHEETS!$B:$B,$B42) -> 0 | P42: =SUMIFS(TIMESHEETS!$AO:$AO,TIMESHEETS!$F:$F,P$7,TIMESHEETS!$B:$B,$B42) -> 0 | Q42: =SUMIFS(TIMESHEETS!$AO:$AO,TIMESHEETS!$F:$F,Q$7,TIMESHEETS!$B:$B,$B42) -> 0 | ... AJ42: =SUMIFS(TIMESHEETS!$AO:$AO,TIMESHEETS!$F:$F,AJ$7,TIMESHEETS!$B:$B,$B42) -> 0 | AL42: =H42-SUM(J42:AJ42) -> 16
B44: 35884 | H44: 232 | J44: =SUMIFS(TIMESHEETS!$AQ:$AQ,TIMESHEETS!$F:$F,J$7,TIMESHEETS!$B:$B,$B45) -> 24 | K44: =SUMIFS(TIMESHEETS!$AQ:$AQ,TIMESHEETS!$F:$F,K$7,TIMESHEETS!$B:$B,$B45) -> 8 | L44: =SUMIFS(TIMESHEETS!$AQ:$AQ,TIMESHEETS!$F:$F,L$7,TIMESHEETS!$B:$B,$B45) -> 24 | M44: =SUMIFS(TIMESHEETS!$AQ:$AQ,TIMESHEETS!$F:$F,M$7,TIMESHEETS!$B:$B,$B45) -> 0 | N44: =SUMIFS(TIMESHEETS!$AQ:$AQ,TIMESHEETS!$F:$F,N$7,TIMESHEETS!$B:$B,$B45) -> 8 | O44: =SUMIFS(TIMESHEETS!$AQ:$AQ,TIMESHEETS!$F:$F,O$7,TIMESHEETS!$B:$B,$B45) -> 8 | P44: =SUMIFS(TIMESHEETS!$AQ:$AQ,TIMESHEETS!$F:$F,P$7,TIMESHEETS!$B:$B,$B45) -> 0 | Q44: =SUMIFS(TIMESHEETS!$AQ:$AQ,TIMESHEETS!$F:$F,Q$7,TIMESHEETS!$B:$B,$B45) -> 40 | ... AJ44: =SUMIFS(TIMESHEETS!$AQ:$AQ,TIMESHEETS!$F:$F,AJ$7,TIMESHEETS!$B:$B,$B45) -> 8 | AL44: =H44-SUM(J44:AJ44) -> 0 | AM44: =AL44/8 -> 0
B45: Letarte, Martin | H45: 16 | J45: =SUMIFS(TIMESHEETS!$AO:$AO,TIMESHEETS!$F:$F,J$7,TIMESHEETS!$B:$B,$B45) -> 0 | K45: =SUMIFS(TIMESHEETS!$AO:$AO,TIMESHEETS!$F:$F,K$7,TIMESHEETS!$B:$B,$B45) -> 0 | L45: =SUMIFS(TIMESHEETS!$AO:$AO,TIMESHEETS!$F:$F,L$7,TIMESHEETS!$B:$B,$B45) -> 0 | M45: =SUMIFS(TIMESHEETS!$AO:$AO,TIMESHEETS!$F:$F,M$7,TIMESHEETS!$B:$B,$B45) -> 16 | N45: =SUMIFS(TIMESHEETS!$AO:$AO,TIMESHEETS!$F:$F,N$7,TIMESHEETS!$B:$B,$B45) -> 0 | O45: =SUMIFS(TIMESHEETS!$AO:$AO,TIMESHEETS!$F:$F,O$7,TIMESHEETS!$B:$B,$B45) -> 0 | P45: =SUMIFS(TIMESHEETS!$AO:$AO,TIMESHEETS!$F:$F,P$7,TIMESHEETS!$B:$B,$B45) -> 0 | Q45: =SUMIFS(TIMESHEETS!$AO:$AO,TIMESHEETS!$F:$F,Q$7,TIMESHEETS!$B:$B,$B45) -> 0 | ... AJ45: =SUMIFS(TIMESHEETS!$AO:$AO,TIMESHEETS!$F:$F,AJ$7,TIMESHEETS!$B:$B,$B45) -> 0 | AL45: =H45-SUM(J45:AJ45) -> 0
H47: 0 | J47: =SUMIFS(TIMESHEETS!$AQ:$AQ,TIMESHEETS!$F:$F,J$7,TIMESHEETS!$B:$B,$B48) -> 0 | K47: =SUMIFS(TIMESHEETS!$AQ:$AQ,TIMESHEETS!$F:$F,K$7,TIMESHEETS!$B:$B,$B48) -> 0 | L47: =SUMIFS(TIMESHEETS!$AQ:$AQ,TIMESHEETS!$F:$F,L$7,TIMESHEETS!$B:$B,$B48) -> 0 | M47: =SUMIFS(TIMESHEETS!$AQ:$AQ,TIMESHEETS!$F:$F,M$7,TIMESHEETS!$B:$B,$B48) -> 0 | N47: =SUMIFS(TIMESHEETS!$AQ:$AQ,TIMESHEETS!$F:$F,N$7,TIMESHEETS!$B:$B,$B48) -> 0 | O47: =SUMIFS(TIMESHEETS!$AQ:$AQ,TIMESHEETS!$F:$F,O$7,TIMESHEETS!$B:$B,$B48) -> 0 | P47: =SUMIFS(TIMESHEETS!$AQ:$AQ,TIMESHEETS!$F:$F,P$7,TIMESHEETS!$B:$B,$B48) -> 0 | Q47: =SUMIFS(TIMESHEETS!$AQ:$AQ,TIMESHEETS!$F:$F,Q$7,TIMESHEETS!$B:$B,$B48) -> 0 | ... AJ47: =SUMIFS(TIMESHEETS!$AQ:$AQ,TIMESHEETS!$F:$F,AJ$7,TIMESHEETS!$B:$B,$B48) -> 0 | AL47: =H47-SUM(J47:AJ47) -> 0 | AM47: =AL47/8 -> 0
H48: 0 | J48: =SUMIFS(TIMESHEETS!$AO:$AO,TIMESHEETS!$F:$F,J$7,TIMESHEETS!$B:$B,$B48) -> 0 | K48: =SUMIFS(TIMESHEETS!$AO:$AO,TIMESHEETS!$F:$F,K$7,TIMESHEETS!$B:$B,$B48) -> 0 | L48: =SUMIFS(TIMESHEETS!$AO:$AO,TIMESHEETS!$F:$F,L$7,TIMESHEETS!$B:$B,$B48) -> 0 | M48: =SUMIFS(TIMESHEETS!$AO:$AO,TIMESHEETS!$F:$F,M$7,TIMESHEETS!$B:$B,$B48) -> 0 | N48: =SUMIFS(TIMESHEETS!$AO:$AO,TIMESHEETS!$F:$F,N$7,TIMESHEETS!$B:$B,$B48) -> 0 | O48: =SUMIFS(TIMESHEETS!$AO:$AO,TIMESHEETS!$F:$F,O$7,TIMESHEETS!$B:$B,$B48) -> 0 | P48: =SUMIFS(TIMESHEETS!$AO:$AO,TIMESHEETS!$F:$F,P$7,TIMESHEETS!$B:$B,$B48) -> 0 | Q48: =SUMIFS(TIMESHEETS!$AO:$AO,TIMESHEETS!$F:$F,Q$7,TIMESHEETS!$B:$B,$B48) -> 0 | ... AJ48: =SUMIFS(TIMESHEETS!$AO:$AO,TIMESHEETS!$F:$F,AJ$7,TIMESHEETS!$B:$B,$B48) -> 0 | AL48: =H48-SUM(J48:AJ48) -> 0
B50: 41204 | H50: 160 | J50: =SUMIFS(TIMESHEETS!$AQ:$AQ,TIMESHEETS!$F:$F,J$7,TIMESHEETS!$B:$B,$B51) -> 0 | K50: =SUMIFS(TIMESHEETS!$AQ:$AQ,TIMESHEETS!$F:$F,K$7,TIMESHEETS!$B:$B,$B51) -> 0 | L50: =SUMIFS(TIMESHEETS!$AQ:$AQ,TIMESHEETS!$F:$F,L$7,TIMESHEETS!$B:$B,$B51) -> 0 | M50: =SUMIFS(TIMESHEETS!$AQ:$AQ,TIMESHEETS!$F:$F,M$7,TIMESHEETS!$B:$B,$B51) -> 0 | N50: =SUMIFS(TIMESHEETS!$AQ:$AQ,TIMESHEETS!$F:$F,N$7,TIMESHEETS!$B:$B,$B51) -> 0 | O50: =SUMIFS(TIMESHEETS!$AQ:$AQ,TIMESHEETS!$F:$F,O$7,TIMESHEETS!$B:$B,$B51) -> 0 | P50: =SUMIFS(TIMESHEETS!$AQ:$AQ,TIMESHEETS!$F:$F,P$7,TIMESHEETS!$B:$B,$B51) -> 80 | Q50: =SUMIFS(TIMESHEETS!$AQ:$AQ,TIMESHEETS!$F:$F,Q$7,TIMESHEETS!$B:$B,$B51) -> 0 | ... AJ50: =SUMIFS(TIMESHEETS!$AQ:$AQ,TIMESHEETS!$F:$F,AJ$7,TIMESHEETS!$B:$B,$B51) -> 0 | AL50: =H50-SUM(J50:AJ50) -> 0 | AM50: =AL50/8 -> 0
B51: Pellerin, Pierre | H51: 16 | J51: =SUMIFS(TIMESHEETS!$AO:$AO,TIMESHEETS!$F:$F,J$7,TIMESHEETS!$B:$B,$B51) -> 0 | K51: =SUMIFS(TIMESHEETS!$AO:$AO,TIMESHEETS!$F:$F,K$7,TIMESHEETS!$B:$B,$B51) -> 0 | L51: =SUMIFS(TIMESHEETS!$AO:$AO,TIMESHEETS!$F:$F,L$7,TIMESHEETS!$B:$B,$B51) -> 0 | M51: =SUMIFS(TIMESHEETS!$AO:$AO,TIMESHEETS!$F:$F,M$7,TIMESHEETS!$B:$B,$B51) -> 0 | N51: =SUMIFS(TIMESHEETS!$AO:$AO,TIMESHEETS!$F:$F,N$7,TIMESHEETS!$B:$B,$B51) -> 0 | O51: =SUMIFS(TIMESHEETS!$AO:$AO,TIMESHEETS!$F:$F,O$7,TIMESHEETS!$B:$B,$B51) -> 0 | P51: =SUMIFS(TIMESHEETS!$AO:$AO,TIMESHEETS!$F:$F,P$7,TIMESHEETS!$B:$B,$B51) -> 0 | Q51: =SUMIFS(TIMESHEETS!$AO:$AO,TIMESHEETS!$F:$F,Q$7,TIMESHEETS!$B:$B,$B51) -> 0 | ... AJ51: =SUMIFS(TIMESHEETS!$AO:$AO,TIMESHEETS!$F:$F,AJ$7,TIMESHEETS!$B:$B,$B51) -> 0 | AL51: =H51-SUM(J51:AJ51) -> 16
B53: 34486 | H53: 200 | J53: =SUMIFS(TIMESHEETS!$AQ:$AQ,TIMESHEETS!$F:$F,J$7,TIMESHEETS!$B:$B,$B54) -> 0 | K53: =SUMIFS(TIMESHEETS!$AQ:$AQ,TIMESHEETS!$F:$F,K$7,TIMESHEETS!$B:$B,$B54) -> 8 | L53: =SUMIFS(TIMESHEETS!$AQ:$AQ,TIMESHEETS!$F:$F,L$7,TIMESHEETS!$B:$B,$B54) -> 16 | M53: =SUMIFS(TIMESHEETS!$AQ:$AQ,TIMESHEETS!$F:$F,M$7,TIMESHEETS!$B:$B,$B54) -> 16 | N53: =SUMIFS(TIMESHEETS!$AQ:$AQ,TIMESHEETS!$F:$F,N$7,TIMESHEETS!$B:$B,$B54) -> 8 | O53: =SUMIFS(TIMESHEETS!$AQ:$AQ,TIMESHEETS!$F:$F,O$7,TIMESHEETS!$B:$B,$B54) -> 16 | P53: =SUMIFS(TIMESHEETS!$AQ:$AQ,TIMESHEETS!$F:$F,P$7,TIMESHEETS!$B:$B,$B54) -> 80 | Q53: =SUMIFS(TIMESHEETS!$AQ:$AQ,TIMESHEETS!$F:$F,Q$7,TIMESHEETS!$B:$B,$B54) -> 8 | ... AJ53: =SUMIFS(TIMESHEETS!$AQ:$AQ,TIMESHEETS!$F:$F,AJ$7,TIMESHEETS!$B:$B,$B54) -> 0 | AL53: =H53-SUM(J53:AJ53) -> 0 | AM53: =AL53/8 -> 0
B54: Rodrigue, Frank | H54: 16 | J54: =SUMIFS(TIMESHEETS!$AO:$AO,TIMESHEETS!$F:$F,J$7,TIMESHEETS!$B:$B,$B54) -> 0 | K54: =SUMIFS(TIMESHEETS!$AO:$AO,TIMESHEETS!$F:$F,K$7,TIMESHEETS!$B:$B,$B54) -> 0 | L54: =SUMIFS(TIMESHEETS!$AO:$AO,TIMESHEETS!$F:$F,L$7,TIMESHEETS!$B:$B,$B54) -> 0 | M54: =SUMIFS(TIMESHEETS!$AO:$AO,TIMESHEETS!$F:$F,M$7,TIMESHEETS!$B:$B,$B54) -> 0 | N54: =SUMIFS(TIMESHEETS!$AO:$AO,TIMESHEETS!$F:$F,N$7,TIMESHEETS!$B:$B,$B54) -> 0 | O54: =SUMIFS(TIMESHEETS!$AO:$AO,TIMESHEETS!$F:$F,O$7,TIMESHEETS!$B:$B,$B54) -> 0 | P54: =SUMIFS(TIMESHEETS!$AO:$AO,TIMESHEETS!$F:$F,P$7,TIMESHEETS!$B:$B,$B54) -> 0 | Q54: =SUMIFS(TIMESHEETS!$AO:$AO,TIMESHEETS!$F:$F,Q$7,TIMESHEETS!$B:$B,$B54) -> 0 | ... AJ54: =SUMIFS(TIMESHEETS!$AO:$AO,TIMESHEETS!$F:$F,AJ$7,TIMESHEETS!$B:$B,$B54) -> 0 | AL54: =H54-SUM(J54:AJ54) -> 8
H56: 0 | J56: =SUMIFS(TIMESHEETS!$AQ:$AQ,TIMESHEETS!$F:$F,J$7,TIMESHEETS!$B:$B,$B57) -> 0 | K56: =SUMIFS(TIMESHEETS!$AQ:$AQ,TIMESHEETS!$F:$F,K$7,TIMESHEETS!$B:$B,$B57) -> 0 | L56: =SUMIFS(TIMESHEETS!$AQ:$AQ,TIMESHEETS!$F:$F,L$7,TIMESHEETS!$B:$B,$B57) -> 0 | M56: =SUMIFS(TIMESHEETS!$AQ:$AQ,TIMESHEETS!$F:$F,M$7,TIMESHEETS!$B:$B,$B57) -> 0 | N56: =SUMIFS(TIMESHEETS!$AQ:$AQ,TIMESHEETS!$F:$F,N$7,TIMESHEETS!$B:$B,$B57) -> 0 | O56: =SUMIFS(TIMESHEETS!$AQ:$AQ,TIMESHEETS!$F:$F,O$7,TIMESHEETS!$B:$B,$B57) -> 0 | P56: =SUMIFS(TIMESHEETS!$AQ:$AQ,TIMESHEETS!$F:$F,P$7,TIMESHEETS!$B:$B,$B57) -> 0 | Q56: =SUMIFS(TIMESHEETS!$AQ:$AQ,TIMESHEETS!$F:$F,Q$7,TIMESHEETS!$B:$B,$B57) -> 0 | ... AD56: =SUMIFS(TIMESHEETS!$AQ:$AQ,TIMESHEETS!$F:$F,AD$7,TIMESHEETS!$B:$B,$B57) -> 0 | AE56: 0 | AF56: =SUMIFS(TIMESHEETS!$AQ:$AQ,TIMESHEETS!$F:$F,AF$7,TIMESHEETS!$B:$B,$B57) -> 0 | AG56: =SUMIFS(TIMESHEETS!$AQ:$AQ,TIMESHEETS!$F:$F,AG$7,TIMESHEETS!$B:$B,$B57) -> 0 | AH56: =SUMIFS(TIMESHEETS!$AQ:$AQ,TIMESHEETS!$F:$F,AH$7,TIMESHEETS!$B:$B,$B57) -> 0 | AI56: =SUMIFS(TIMESHEETS!$AQ:$AQ,TIMESHEETS!$F:$F,AI$7,TIMESHEETS!$B:$B,$B57) -> 0 | AJ56: =SUMIFS(TIMESHEETS!$AQ:$AQ,TIMESHEETS!$F:$F,AJ$7,TIMESHEETS!$B:$B,$B57) -> 0 | AL56: 0 | AM56: =AL56/8 -> 0
H57: 0 | J57: =SUMIFS(TIMESHEETS!$AO:$AO,TIMESHEETS!$F:$F,J$7,TIMESHEETS!$B:$B,$B57) -> 0 | K57: =SUMIFS(TIMESHEETS!$AO:$AO,TIMESHEETS!$F:$F,K$7,TIMESHEETS!$B:$B,$B57) -> 0 | L57: =SUMIFS(TIMESHEETS!$AO:$AO,TIMESHEETS!$F:$F,L$7,TIMESHEETS!$B:$B,$B57) -> 0 | M57: =SUMIFS(TIMESHEETS!$AO:$AO,TIMESHEETS!$F:$F,M$7,TIMESHEETS!$B:$B,$B57) -> 0 | N57: =SUMIFS(TIMESHEETS!$AO:$AO,TIMESHEETS!$F:$F,N$7,TIMESHEETS!$B:$B,$B57) -> 0 | O57: =SUMIFS(TIMESHEETS!$AO:$AO,TIMESHEETS!$F:$F,O$7,TIMESHEETS!$B:$B,$B57) -> 0 | P57: =SUMIFS(TIMESHEETS!$AO:$AO,TIMESHEETS!$F:$F,P$7,TIMESHEETS!$B:$B,$B57) -> 0 | Q57: =SUMIFS(TIMESHEETS!$AO:$AO,TIMESHEETS!$F:$F,Q$7,TIMESHEETS!$B:$B,$B57) -> 0 | ... AJ57: =SUMIFS(TIMESHEETS!$AO:$AO,TIMESHEETS!$F:$F,AJ$7,TIMESHEETS!$B:$B,$B57) -> 0 | AL57: =H57-SUM(J57:AJ57) -> 0
B59: 42968 | H59: 120 | J59: =SUMIFS(TIMESHEETS!$AQ:$AQ,TIMESHEETS!$F:$F,J$7,TIMESHEETS!$B:$B,$B60) -> 0 | K59: =SUMIFS(TIMESHEETS!$AQ:$AQ,TIMESHEETS!$F:$F,K$7,TIMESHEETS!$B:$B,$B60) -> 0 | L59: =SUMIFS(TIMESHEETS!$AQ:$AQ,TIMESHEETS!$F:$F,L$7,TIMESHEETS!$B:$B,$B60) -> 0 | M59: =SUMIFS(TIMESHEETS!$AQ:$AQ,TIMESHEETS!$F:$F,M$7,TIMESHEETS!$B:$B,$B60) -> 0 | N59: =SUMIFS(TIMESHEETS!$AQ:$AQ,TIMESHEETS!$F:$F,N$7,TIMESHEETS!$B:$B,$B60) -> 0 | O59: =SUMIFS(TIMESHEETS!$AQ:$AQ,TIMESHEETS!$F:$F,O$7,TIMESHEETS!$B:$B,$B60) -> 0 | P59: =SUMIFS(TIMESHEETS!$AQ:$AQ,TIMESHEETS!$F:$F,P$7,TIMESHEETS!$B:$B,$B60) -> 0 | Q59: =SUMIFS(TIMESHEETS!$AQ:$AQ,TIMESHEETS!$F:$F,Q$7,TIMESHEETS!$B:$B,$B60) -> 8 | ... AJ59: =SUMIFS(TIMESHEETS!$AQ:$AQ,TIMESHEETS!$F:$F,AJ$7,TIMESHEETS!$B:$B,$B60) -> 0 | AL59: =H59-SUM(J59:AJ59) -> 0 | AM59: =AL59/8 -> 0
B60: Voster, Jean-Michel | H60: 16 | J60: =SUMIFS(TIMESHEETS!$AO:$AO,TIMESHEETS!$F:$F,J$7,TIMESHEETS!$B:$B,$B60) -> 0 | K60: =SUMIFS(TIMESHEETS!$AO:$AO,TIMESHEETS!$F:$F,K$7,TIMESHEETS!$B:$B,$B60) -> 0 | L60: =SUMIFS(TIMESHEETS!$AO:$AO,TIMESHEETS!$F:$F,L$7,TIMESHEETS!$B:$B,$B60) -> 8 | M60: =SUMIFS(TIMESHEETS!$AO:$AO,TIMESHEETS!$F:$F,M$7,TIMESHEETS!$B:$B,$B60) -> 0 | N60: =SUMIFS(TIMESHEETS!$AO:$AO,TIMESHEETS!$F:$F,N$7,TIMESHEETS!$B:$B,$B60) -> 0 | O60: =SUMIFS(TIMESHEETS!$AO:$AO,TIMESHEETS!$F:$F,O$7,TIMESHEETS!$B:$B,$B60) -> 0 | P60: =SUMIFS(TIMESHEETS!$AO:$AO,TIMESHEETS!$F:$F,P$7,TIMESHEETS!$B:$B,$B60) -> 0 | Q60: =SUMIFS(TIMESHEETS!$AO:$AO,TIMESHEETS!$F:$F,Q$7,TIMESHEETS!$B:$B,$B60) -> 16 | ... AJ60: =SUMIFS(TIMESHEETS!$AO:$AO,TIMESHEETS!$F:$F,AJ$7,TIMESHEETS!$B:$B,$B60) -> 0 | AL60: =H60-SUM(J60:AJ60) -> -24
J62: =SUMIFS(TIMESHEETS!$AQ:$AQ,TIMESHEETS!$F:$F,J$7,TIMESHEETS!$B:$B,$B63) -> 0 | K62: =SUMIFS(TIMESHEETS!$AQ:$AQ,TIMESHEETS!$F:$F,K$7,TIMESHEETS!$B:$B,$B63) -> 0 | L62: =SUMIFS(TIMESHEETS!$AQ:$AQ,TIMESHEETS!$F:$F,L$7,TIMESHEETS!$B:$B,$B63) -> 0 | M62: =SUMIFS(TIMESHEETS!$AQ:$AQ,TIMESHEETS!$F:$F,M$7,TIMESHEETS!$B:$B,$B63) -> 0 | N62: =SUMIFS(TIMESHEETS!$AQ:$AQ,TIMESHEETS!$F:$F,N$7,TIMESHEETS!$B:$B,$B63) -> 0 | O62: =SUMIFS(TIMESHEETS!$AQ:$AQ,TIMESHEETS!$F:$F,O$7,TIMESHEETS!$B:$B,$B63) -> 0 | P62: =SUMIFS(TIMESHEETS!$AQ:$AQ,TIMESHEETS!$F:$F,P$7,TIMESHEETS!$B:$B,$B63) -> 0 | Q62: =SUMIFS(TIMESHEETS!$AQ:$AQ,TIMESHEETS!$F:$F,Q$7,TIMESHEETS!$B:$B,$B63) -> 0 | ... AJ62: =SUMIFS(TIMESHEETS!$AQ:$AQ,TIMESHEETS!$F:$F,AJ$7,TIMESHEETS!$B:$B,$B63) -> 0 | AL62: =H62-SUM(J62:AJ62) -> 0
J63: =SUMIFS(TIMESHEETS!$AO:$AO,TIMESHEETS!$F:$F,J$7,TIMESHEETS!$B:$B,$B63) -> 0 | K63: =SUMIFS(TIMESHEETS!$AO:$AO,TIMESHEETS!$F:$F,K$7,TIMESHEETS!$B:$B,$B63) -> 0 | L63: =SUMIFS(TIMESHEETS!$AO:$AO,TIMESHEETS!$F:$F,L$7,TIMESHEETS!$B:$B,$B63) -> 0 | M63: =SUMIFS(TIMESHEETS!$AO:$AO,TIMESHEETS!$F:$F,M$7,TIMESHEETS!$B:$B,$B63) -> 0 | N63: =SUMIFS(TIMESHEETS!$AO:$AO,TIMESHEETS!$F:$F,N$7,TIMESHEETS!$B:$B,$B63) -> 0 | O63: =SUMIFS(TIMESHEETS!$AO:$AO,TIMESHEETS!$F:$F,O$7,TIMESHEETS!$B:$B,$B63) -> 0 | P63: =SUMIFS(TIMESHEETS!$AO:$AO,TIMESHEETS!$F:$F,P$7,TIMESHEETS!$B:$B,$B63) -> 0 | Q63: =SUMIFS(TIMESHEETS!$AO:$AO,TIMESHEETS!$F:$F,Q$7,TIMESHEETS!$B:$B,$B63) -> 0 | ... AJ63: =SUMIFS(TIMESHEETS!$AO:$AO,TIMESHEETS!$F:$F,AJ$7,TIMESHEETS!$B:$B,$B63) -> 0 | AL63: =H63-SUM(J63:AJ63) -> 0
B65: 44579 | H65: 0 | J65: =SUMIFS(TIMESHEETS!$AQ:$AQ,TIMESHEETS!$F:$F,J$7,TIMESHEETS!$B:$B,$B66) -> 0 | K65: =SUMIFS(TIMESHEETS!$AQ:$AQ,TIMESHEETS!$F:$F,K$7,TIMESHEETS!$B:$B,$B66) -> 0 | L65: =SUMIFS(TIMESHEETS!$AQ:$AQ,TIMESHEETS!$F:$F,L$7,TIMESHEETS!$B:$B,$B66) -> 0 | M65: =SUMIFS(TIMESHEETS!$AQ:$AQ,TIMESHEETS!$F:$F,M$7,TIMESHEETS!$B:$B,$B66) -> 0 | N65: =SUMIFS(TIMESHEETS!$AQ:$AQ,TIMESHEETS!$F:$F,N$7,TIMESHEETS!$B:$B,$B66) -> 0 | O65: =SUMIFS(TIMESHEETS!$AQ:$AQ,TIMESHEETS!$F:$F,O$7,TIMESHEETS!$B:$B,$B66) -> 0 | P65: =SUMIFS(TIMESHEETS!$AQ:$AQ,TIMESHEETS!$F:$F,P$7,TIMESHEETS!$B:$B,$B66) -> 0 | Q65: =SUMIFS(TIMESHEETS!$AQ:$AQ,TIMESHEETS!$F:$F,Q$7,TIMESHEETS!$B:$B,$B66) -> 0 | ... AJ65: =SUMIFS(TIMESHEETS!$AQ:$AQ,TIMESHEETS!$F:$F,AJ$7,TIMESHEETS!$B:$B,$B66) -> 0 | AL65: =H65-SUM(J65:AJ65) -> 0 | AM65: =AL65/8 -> 0
B66: Dupont,Catherine | H66: 0 | J66: =SUMIFS(TIMESHEETS!$AO:$AO,TIMESHEETS!$F:$F,J$7,TIMESHEETS!$B:$B,$B66) -> 0 | K66: =SUMIFS(TIMESHEETS!$AO:$AO,TIMESHEETS!$F:$F,K$7,TIMESHEETS!$B:$B,$B66) -> 0 | L66: =SUMIFS(TIMESHEETS!$AO:$AO,TIMESHEETS!$F:$F,L$7,TIMESHEETS!$B:$B,$B66) -> 0 | M66: =SUMIFS(TIMESHEETS!$AO:$AO,TIMESHEETS!$F:$F,M$7,TIMESHEETS!$B:$B,$B66) -> 0 | N66: =SUMIFS(TIMESHEETS!$AO:$AO,TIMESHEETS!$F:$F,N$7,TIMESHEETS!$B:$B,$B66) -> 0 | O66: =SUMIFS(TIMESHEETS!$AO:$AO,TIMESHEETS!$F:$F,O$7,TIMESHEETS!$B:$B,$B66) -> 0 | P66: =SUMIFS(TIMESHEETS!$AO:$AO,TIMESHEETS!$F:$F,P$7,TIMESHEETS!$B:$B,$B66) -> 0 | Q66: =SUMIFS(TIMESHEETS!$AO:$AO,TIMESHEETS!$F:$F,Q$7,TIMESHEETS!$B:$B,$B66) -> 0 | ... AJ66: =SUMIFS(TIMESHEETS!$AO:$AO,TIMESHEETS!$F:$F,AJ$7,TIMESHEETS!$B:$B,$B66) -> 0 | AL66: =H66-SUM(J66:AJ66) -> 0
J68: =SUMIFS(TIMESHEETS!$AQ:$AQ,TIMESHEETS!$F:$F,J$7,TIMESHEETS!$B:$B,$B69) -> 0 | K68: =SUMIFS(TIMESHEETS!$AQ:$AQ,TIMESHEETS!$F:$F,K$7,TIMESHEETS!$B:$B,$B69) -> 0 | L68: =SUMIFS(TIMESHEETS!$AQ:$AQ,TIMESHEETS!$F:$F,L$7,TIMESHEETS!$B:$B,$B69) -> 0 | M68: =SUMIFS(TIMESHEETS!$AQ:$AQ,TIMESHEETS!$F:$F,M$7,TIMESHEETS!$B:$B,$B69) -> 0 | N68: =SUMIFS(TIMESHEETS!$AQ:$AQ,TIMESHEETS!$F:$F,N$7,TIMESHEETS!$B:$B,$B69) -> 0 | O68: =SUMIFS(TIMESHEETS!$AQ:$AQ,TIMESHEETS!$F:$F,O$7,TIMESHEETS!$B:$B,$B69) -> 0 | P68: =SUMIFS(TIMESHEETS!$AQ:$AQ,TIMESHEETS!$F:$F,P$7,TIMESHEETS!$B:$B,$B69) -> 0 | Q68: =SUMIFS(TIMESHEETS!$AQ:$AQ,TIMESHEETS!$F:$F,Q$7,TIMESHEETS!$B:$B,$B69) -> 0 | ... AJ68: =SUMIFS(TIMESHEETS!$AQ:$AQ,TIMESHEETS!$F:$F,AJ$7,TIMESHEETS!$B:$B,$B69) -> 0 | AL68: =H68-SUM(J68:AJ68) -> 0
J69: =SUMIFS(TIMESHEETS!$AO:$AO,TIMESHEETS!$F:$F,J$7,TIMESHEETS!$B:$B,$B69) -> 0 | K69: =SUMIFS(TIMESHEETS!$AO:$AO,TIMESHEETS!$F:$F,K$7,TIMESHEETS!$B:$B,$B69) -> 0 | L69: =SUMIFS(TIMESHEETS!$AO:$AO,TIMESHEETS!$F:$F,L$7,TIMESHEETS!$B:$B,$B69) -> 0 | M69: =SUMIFS(TIMESHEETS!$AO:$AO,TIMESHEETS!$F:$F,M$7,TIMESHEETS!$B:$B,$B69) -> 0 | N69: =SUMIFS(TIMESHEETS!$AO:$AO,TIMESHEETS!$F:$F,N$7,TIMESHEETS!$B:$B,$B69) -> 0 | O69: =SUMIFS(TIMESHEETS!$AO:$AO,TIMESHEETS!$F:$F,O$7,TIMESHEETS!$B:$B,$B69) -> 0 | P69: =SUMIFS(TIMESHEETS!$AO:$AO,TIMESHEETS!$F:$F,P$7,TIMESHEETS!$B:$B,$B69) -> 0 | Q69: =SUMIFS(TIMESHEETS!$AO:$AO,TIMESHEETS!$F:$F,Q$7,TIMESHEETS!$B:$B,$B69) -> 0 | ... AJ69: =SUMIFS(TIMESHEETS!$AO:$AO,TIMESHEETS!$F:$F,AJ$7,TIMESHEETS!$B:$B,$B69) -> 0 | AL69: =H69-SUM(J69:AJ69) -> 0
J71: =SUMIFS(TIMESHEETS!$AQ:$AQ,TIMESHEETS!$F:$F,J$7,TIMESHEETS!$B:$B,$B72) -> 0 | K71: =SUMIFS(TIMESHEETS!$AQ:$AQ,TIMESHEETS!$F:$F,K$7,TIMESHEETS!$B:$B,$B72) -> 0 | L71: =SUMIFS(TIMESHEETS!$AQ:$AQ,TIMESHEETS!$F:$F,L$7,TIMESHEETS!$B:$B,$B72) -> 0 | M71: =SUMIFS(TIMESHEETS!$AQ:$AQ,TIMESHEETS!$F:$F,M$7,TIMESHEETS!$B:$B,$B72) -> 0 | N71: =SUMIFS(TIMESHEETS!$AQ:$AQ,TIMESHEETS!$F:$F,N$7,TIMESHEETS!$B:$B,$B72) -> 0 | O71: =SUMIFS(TIMESHEETS!$AQ:$AQ,TIMESHEETS!$F:$F,O$7,TIMESHEETS!$B:$B,$B72) -> 0 | P71: =SUMIFS(TIMESHEETS!$AQ:$AQ,TIMESHEETS!$F:$F,P$7,TIMESHEETS!$B:$B,$B72) -> 0 | Q71: =SUMIFS(TIMESHEETS!$AQ:$AQ,TIMESHEETS!$F:$F,Q$7,TIMESHEETS!$B:$B,$B72) -> 0 | ... AJ71: =SUMIFS(TIMESHEETS!$AQ:$AQ,TIMESHEETS!$F:$F,AJ$7,TIMESHEETS!$B:$B,$B72) -> 0 | AL71: =H71-SUM(J71:AJ71) -> 0
J72: =SUMIFS(TIMESHEETS!$AO:$AO,TIMESHEETS!$F:$F,J$7,TIMESHEETS!$B:$B,$B72) -> 0 | K72: =SUMIFS(TIMESHEETS!$AO:$AO,TIMESHEETS!$F:$F,K$7,TIMESHEETS!$B:$B,$B72) -> 0 | L72: =SUMIFS(TIMESHEETS!$AO:$AO,TIMESHEETS!$F:$F,L$7,TIMESHEETS!$B:$B,$B72) -> 0 | M72: =SUMIFS(TIMESHEETS!$AO:$AO,TIMESHEETS!$F:$F,M$7,TIMESHEETS!$B:$B,$B72) -> 0 | N72: =SUMIFS(TIMESHEETS!$AO:$AO,TIMESHEETS!$F:$F,N$7,TIMESHEETS!$B:$B,$B72) -> 0 | O72: =SUMIFS(TIMESHEETS!$AO:$AO,TIMESHEETS!$F:$F,O$7,TIMESHEETS!$B:$B,$B72) -> 0 | P72: =SUMIFS(TIMESHEETS!$AO:$AO,TIMESHEETS!$F:$F,P$7,TIMESHEETS!$B:$B,$B72) -> 0 | Q72: =SUMIFS(TIMESHEETS!$AO:$AO,TIMESHEETS!$F:$F,Q$7,TIMESHEETS!$B:$B,$B72) -> 0 | ... AJ72: =SUMIFS(TIMESHEETS!$AO:$AO,TIMESHEETS!$F:$F,AJ$7,TIMESHEETS!$B:$B,$B72) -> 0 | AL72: =H72-SUM(J72:AJ72) -> 0
J74: =SUMIFS(TIMESHEETS!$AQ:$AQ,TIMESHEETS!$F:$F,J$7,TIMESHEETS!$B:$B,$B75) -> 0 | K74: =SUMIFS(TIMESHEETS!$AQ:$AQ,TIMESHEETS!$F:$F,K$7,TIMESHEETS!$B:$B,$B75) -> 0 | L74: =SUMIFS(TIMESHEETS!$AQ:$AQ,TIMESHEETS!$F:$F,L$7,TIMESHEETS!$B:$B,$B75) -> 0 | M74: =SUMIFS(TIMESHEETS!$AQ:$AQ,TIMESHEETS!$F:$F,M$7,TIMESHEETS!$B:$B,$B75) -> 0 | N74: =SUMIFS(TIMESHEETS!$AQ:$AQ,TIMESHEETS!$F:$F,N$7,TIMESHEETS!$B:$B,$B75) -> 0 | O74: =SUMIFS(TIMESHEETS!$AQ:$AQ,TIMESHEETS!$F:$F,O$7,TIMESHEETS!$B:$B,$B75) -> 0 | P74: =SUMIFS(TIMESHEETS!$AQ:$AQ,TIMESHEETS!$F:$F,P$7,TIMESHEETS!$B:$B,$B75) -> 0 | Q74: =SUMIFS(TIMESHEETS!$AQ:$AQ,TIMESHEETS!$F:$F,Q$7,TIMESHEETS!$B:$B,$B75) -> 0 | ... AJ74: =SUMIFS(TIMESHEETS!$AQ:$AQ,TIMESHEETS!$F:$F,AJ$7,TIMESHEETS!$B:$B,$B75) -> 0 | AL74: =H74-SUM(J74:AJ74) -> 0
J75: =SUMIFS(TIMESHEETS!$AO:$AO,TIMESHEETS!$F:$F,J$7,TIMESHEETS!$B:$B,$B75) -> 0 | K75: =SUMIFS(TIMESHEETS!$AO:$AO,TIMESHEETS!$F:$F,K$7,TIMESHEETS!$B:$B,$B75) -> 0 | L75: =SUMIFS(TIMESHEETS!$AO:$AO,TIMESHEETS!$F:$F,L$7,TIMESHEETS!$B:$B,$B75) -> 0 | M75: =SUMIFS(TIMESHEETS!$AO:$AO,TIMESHEETS!$F:$F,M$7,TIMESHEETS!$B:$B,$B75) -> 0 | N75: =SUMIFS(TIMESHEETS!$AO:$AO,TIMESHEETS!$F:$F,N$7,TIMESHEETS!$B:$B,$B75) -> 0 | O75: =SUMIFS(TIMESHEETS!$AO:$AO,TIMESHEETS!$F:$F,O$7,TIMESHEETS!$B:$B,$B75) -> 0 | P75: =SUMIFS(TIMESHEETS!$AO:$AO,TIMESHEETS!$F:$F,P$7,TIMESHEETS!$B:$B,$B75) -> 0 | Q75: =SUMIFS(TIMESHEETS!$AO:$AO,TIMESHEETS!$F:$F,Q$7,TIMESHEETS!$B:$B,$B75) -> 0 | ... AJ75: =SUMIFS(TIMESHEETS!$AO:$AO,TIMESHEETS!$F:$F,AJ$7,TIMESHEETS!$B:$B,$B75) -> 0 | AL75: =H75-SUM(J75:AJ75) -> 0
J77: =SUMIFS(TIMESHEETS!$AQ:$AQ,TIMESHEETS!$F:$F,J$7,TIMESHEETS!$B:$B,$B78) -> 0 | K77: =SUMIFS(TIMESHEETS!$AQ:$AQ,TIMESHEETS!$F:$F,K$7,TIMESHEETS!$B:$B,$B78) -> 0 | L77: =SUMIFS(TIMESHEETS!$AQ:$AQ,TIMESHEETS!$F:$F,L$7,TIMESHEETS!$B:$B,$B78) -> 0 | M77: =SUMIFS(TIMESHEETS!$AQ:$AQ,TIMESHEETS!$F:$F,M$7,TIMESHEETS!$B:$B,$B78) -> 0 | N77: =SUMIFS(TIMESHEETS!$AQ:$AQ,TIMESHEETS!$F:$F,N$7,TIMESHEETS!$B:$B,$B78) -> 0 | O77: =SUMIFS(TIMESHEETS!$AQ:$AQ,TIMESHEETS!$F:$F,O$7,TIMESHEETS!$B:$B,$B78) -> 0 | P77: =SUMIFS(TIMESHEETS!$AQ:$AQ,TIMESHEETS!$F:$F,P$7,TIMESHEETS!$B:$B,$B78) -> 0 | Q77: =SUMIFS(TIMESHEETS!$AQ:$AQ,TIMESHEETS!$F:$F,Q$7,TIMESHEETS!$B:$B,$B78) -> 0 | ... AJ77: =SUMIFS(TIMESHEETS!$AQ:$AQ,TIMESHEETS!$F:$F,AJ$7,TIMESHEETS!$B:$B,$B78) -> 0 | AL77: =H77-SUM(J77:AJ77) -> 0
J78: =SUMIFS(TIMESHEETS!$AO:$AO,TIMESHEETS!$F:$F,J$7,TIMESHEETS!$B:$B,$B78) -> 0 | K78: =SUMIFS(TIMESHEETS!$AO:$AO,TIMESHEETS!$F:$F,K$7,TIMESHEETS!$B:$B,$B78) -> 0 | L78: =SUMIFS(TIMESHEETS!$AO:$AO,TIMESHEETS!$F:$F,L$7,TIMESHEETS!$B:$B,$B78) -> 0 | M78: =SUMIFS(TIMESHEETS!$AO:$AO,TIMESHEETS!$F:$F,M$7,TIMESHEETS!$B:$B,$B78) -> 0 | N78: =SUMIFS(TIMESHEETS!$AO:$AO,TIMESHEETS!$F:$F,N$7,TIMESHEETS!$B:$B,$B78) -> 0 | O78: =SUMIFS(TIMESHEETS!$AO:$AO,TIMESHEETS!$F:$F,O$7,TIMESHEETS!$B:$B,$B78) -> 0 | P78: =SUMIFS(TIMESHEETS!$AO:$AO,TIMESHEETS!$F:$F,P$7,TIMESHEETS!$B:$B,$B78) -> 0 | Q78: =SUMIFS(TIMESHEETS!$AO:$AO,TIMESHEETS!$F:$F,Q$7,TIMESHEETS!$B:$B,$B78) -> 0 | ... AJ78: =SUMIFS(TIMESHEETS!$AO:$AO,TIMESHEETS!$F:$F,AJ$7,TIMESHEETS!$B:$B,$B78) -> 0 | AL78: =H78-SUM(J78:AJ78) -> 0
J80: =SUMIFS(TIMESHEETS!$AQ:$AQ,TIMESHEETS!$F:$F,J$7,TIMESHEETS!$B:$B,$B81) -> 0 | K80: =SUMIFS(TIMESHEETS!$AQ:$AQ,TIMESHEETS!$F:$F,K$7,TIMESHEETS!$B:$B,$B81) -> 0 | L80: =SUMIFS(TIMESHEETS!$AQ:$AQ,TIMESHEETS!$F:$F,L$7,TIMESHEETS!$B:$B,$B81) -> 0 | M80: =SUMIFS(TIMESHEETS!$AQ:$AQ,TIMESHEETS!$F:$F,M$7,TIMESHEETS!$B:$B,$B81) -> 0 | N80: =SUMIFS(TIMESHEETS!$AQ:$AQ,TIMESHEETS!$F:$F,N$7,TIMESHEETS!$B:$B,$B81) -> 0 | O80: =SUMIFS(TIMESHEETS!$AQ:$AQ,TIMESHEETS!$F:$F,O$7,TIMESHEETS!$B:$B,$B81) -> 0 | P80: =SUMIFS(TIMESHEETS!$AQ:$AQ,TIMESHEETS!$F:$F,P$7,TIMESHEETS!$B:$B,$B81) -> 0 | Q80: =SUMIFS(TIMESHEETS!$AQ:$AQ,TIMESHEETS!$F:$F,Q$7,TIMESHEETS!$B:$B,$B81) -> 0 | ... AJ80: =SUMIFS(TIMESHEETS!$AQ:$AQ,TIMESHEETS!$F:$F,AJ$7,TIMESHEETS!$B:$B,$B81) -> 0 | AL80: =H80-SUM(J80:AJ80) -> 0
J81: =SUMIFS(TIMESHEETS!$AO:$AO,TIMESHEETS!$F:$F,J$7,TIMESHEETS!$B:$B,$B81) -> 0 | K81: =SUMIFS(TIMESHEETS!$AO:$AO,TIMESHEETS!$F:$F,K$7,TIMESHEETS!$B:$B,$B81) -> 0 | L81: =SUMIFS(TIMESHEETS!$AO:$AO,TIMESHEETS!$F:$F,L$7,TIMESHEETS!$B:$B,$B81) -> 0 | M81: =SUMIFS(TIMESHEETS!$AO:$AO,TIMESHEETS!$F:$F,M$7,TIMESHEETS!$B:$B,$B81) -> 0 | N81: =SUMIFS(TIMESHEETS!$AO:$AO,TIMESHEETS!$F:$F,N$7,TIMESHEETS!$B:$B,$B81) -> 0 | O81: =SUMIFS(TIMESHEETS!$AO:$AO,TIMESHEETS!$F:$F,O$7,TIMESHEETS!$B:$B,$B81) -> 0 | P81: =SUMIFS(TIMESHEETS!$AO:$AO,TIMESHEETS!$F:$F,P$7,TIMESHEETS!$B:$B,$B81) -> 0 | Q81: =SUMIFS(TIMESHEETS!$AO:$AO,TIMESHEETS!$F:$F,Q$7,TIMESHEETS!$B:$B,$B81) -> 0 | ... AJ81: =SUMIFS(TIMESHEETS!$AO:$AO,TIMESHEETS!$F:$F,AJ$7,TIMESHEETS!$B:$B,$B81) -> 0 | AL81: =H81-SUM(J81:AJ81) -> 0
J83: =SUMIFS(TIMESHEETS!$AQ:$AQ,TIMESHEETS!$F:$F,J$7,TIMESHEETS!$B:$B,$B84) -> 0 | K83: =SUMIFS(TIMESHEETS!$AQ:$AQ,TIMESHEETS!$F:$F,K$7,TIMESHEETS!$B:$B,$B84) -> 0 | L83: =SUMIFS(TIMESHEETS!$AQ:$AQ,TIMESHEETS!$F:$F,L$7,TIMESHEETS!$B:$B,$B84) -> 0 | M83: =SUMIFS(TIMESHEETS!$AQ:$AQ,TIMESHEETS!$F:$F,M$7,TIMESHEETS!$B:$B,$B84) -> 0 | N83: =SUMIFS(TIMESHEETS!$AQ:$AQ,TIMESHEETS!$F:$F,N$7,TIMESHEETS!$B:$B,$B84) -> 0 | O83: =SUMIFS(TIMESHEETS!$AQ:$AQ,TIMESHEETS!$F:$F,O$7,TIMESHEETS!$B:$B,$B84) -> 0 | P83: =SUMIFS(TIMESHEETS!$AQ:$AQ,TIMESHEETS!$F:$F,P$7,TIMESHEETS!$B:$B,$B84) -> 0 | Q83: =SUMIFS(TIMESHEETS!$AQ:$AQ,TIMESHEETS!$F:$F,Q$7,TIMESHEETS!$B:$B,$B84) -> 0 | ... AJ83: =SUMIFS(TIMESHEETS!$AQ:$AQ,TIMESHEETS!$F:$F,AJ$7,TIMESHEETS!$B:$B,$B84) -> 0 | AL83: =H83-SUM(J83:AJ83) -> 0
J84: =SUMIFS(TIMESHEETS!$AO:$AO,TIMESHEETS!$F:$F,J$7,TIMESHEETS!$B:$B,$B84) -> 0 | K84: =SUMIFS(TIMESHEETS!$AO:$AO,TIMESHEETS!$F:$F,K$7,TIMESHEETS!$B:$B,$B84) -> 0 | L84: =SUMIFS(TIMESHEETS!$AO:$AO,TIMESHEETS!$F:$F,L$7,TIMESHEETS!$B:$B,$B84) -> 0 | M84: =SUMIFS(TIMESHEETS!$AO:$AO,TIMESHEETS!$F:$F,M$7,TIMESHEETS!$B:$B,$B84) -> 0 | N84: =SUMIFS(TIMESHEETS!$AO:$AO,TIMESHEETS!$F:$F,N$7,TIMESHEETS!$B:$B,$B84) -> 0 | O84: =SUMIFS(TIMESHEETS!$AO:$AO,TIMESHEETS!$F:$F,O$7,TIMESHEETS!$B:$B,$B84) -> 0 | P84: =SUMIFS(TIMESHEETS!$AO:$AO,TIMESHEETS!$F:$F,P$7,TIMESHEETS!$B:$B,$B84) -> 0 | Q84: =SUMIFS(TIMESHEETS!$AO:$AO,TIMESHEETS!$F:$F,Q$7,TIMESHEETS!$B:$B,$B84) -> 0 | ... AJ84: =SUMIFS(TIMESHEETS!$AO:$AO,TIMESHEETS!$F:$F,AJ$7,TIMESHEETS!$B:$B,$B84) -> 0 | AL84: =H84-SUM(J84:AJ84) -> 0
J86: =SUMIFS(TIMESHEETS!$AQ:$AQ,TIMESHEETS!$F:$F,J$7,TIMESHEETS!$B:$B,$B87) -> 0 | K86: =SUMIFS(TIMESHEETS!$AQ:$AQ,TIMESHEETS!$F:$F,K$7,TIMESHEETS!$B:$B,$B87) -> 0 | L86: =SUMIFS(TIMESHEETS!$AQ:$AQ,TIMESHEETS!$F:$F,L$7,TIMESHEETS!$B:$B,$B87) -> 0 | M86: =SUMIFS(TIMESHEETS!$AQ:$AQ,TIMESHEETS!$F:$F,M$7,TIMESHEETS!$B:$B,$B87) -> 0 | N86: =SUMIFS(TIMESHEETS!$AQ:$AQ,TIMESHEETS!$F:$F,N$7,TIMESHEETS!$B:$B,$B87) -> 0 | O86: =SUMIFS(TIMESHEETS!$AQ:$AQ,TIMESHEETS!$F:$F,O$7,TIMESHEETS!$B:$B,$B87) -> 0 | P86: =SUMIFS(TIMESHEETS!$AQ:$AQ,TIMESHEETS!$F:$F,P$7,TIMESHEETS!$B:$B,$B87) -> 0 | Q86: =SUMIFS(TIMESHEETS!$AQ:$AQ,TIMESHEETS!$F:$F,Q$7,TIMESHEETS!$B:$B,$B87) -> 0 | ... AJ86: =SUMIFS(TIMESHEETS!$AQ:$AQ,TIMESHEETS!$F:$F,AJ$7,TIMESHEETS!$B:$B,$B87) -> 0 | AL86: =H86-SUM(J86:AJ86) -> 0
J87: =SUMIFS(TIMESHEETS!$AO:$AO,TIMESHEETS!$F:$F,J$7,TIMESHEETS!$B:$B,$B87) -> 0 | K87: =SUMIFS(TIMESHEETS!$AO:$AO,TIMESHEETS!$F:$F,K$7,TIMESHEETS!$B:$B,$B87) -> 0 | L87: =SUMIFS(TIMESHEETS!$AO:$AO,TIMESHEETS!$F:$F,L$7,TIMESHEETS!$B:$B,$B87) -> 0 | M87: =SUMIFS(TIMESHEETS!$AO:$AO,TIMESHEETS!$F:$F,M$7,TIMESHEETS!$B:$B,$B87) -> 0 | N87: =SUMIFS(TIMESHEETS!$AO:$AO,TIMESHEETS!$F:$F,N$7,TIMESHEETS!$B:$B,$B87) -> 0 | O87: =SUMIFS(TIMESHEETS!$AO:$AO,TIMESHEETS!$F:$F,O$7,TIMESHEETS!$B:$B,$B87) -> 0 | P87: =SUMIFS(TIMESHEETS!$AO:$AO,TIMESHEETS!$F:$F,P$7,TIMESHEETS!$B:$B,$B87) -> 0 | Q87: =SUMIFS(TIMESHEETS!$AO:$AO,TIMESHEETS!$F:$F,Q$7,TIMESHEETS!$B:$B,$B87) -> 0 | ... AJ87: =SUMIFS(TIMESHEETS!$AO:$AO,TIMESHEETS!$F:$F,AJ$7,TIMESHEETS!$B:$B,$B87) -> 0 | AL87: =H87-SUM(J87:AJ87) -> 0
J89: =SUMIFS(TIMESHEETS!$AQ:$AQ,TIMESHEETS!$F:$F,J$7,TIMESHEETS!$B:$B,$B90) -> 0 | K89: =SUMIFS(TIMESHEETS!$AQ:$AQ,TIMESHEETS!$F:$F,K$7,TIMESHEETS!$B:$B,$B90) -> 0 | L89: =SUMIFS(TIMESHEETS!$AQ:$AQ,TIMESHEETS!$F:$F,L$7,TIMESHEETS!$B:$B,$B90) -> 0 | M89: =SUMIFS(TIMESHEETS!$AQ:$AQ,TIMESHEETS!$F:$F,M$7,TIMESHEETS!$B:$B,$B90) -> 0 | N89: =SUMIFS(TIMESHEETS!$AQ:$AQ,TIMESHEETS!$F:$F,N$7,TIMESHEETS!$B:$B,$B90) -> 0 | O89: =SUMIFS(TIMESHEETS!$AQ:$AQ,TIMESHEETS!$F:$F,O$7,TIMESHEETS!$B:$B,$B90) -> 0 | P89: =SUMIFS(TIMESHEETS!$AQ:$AQ,TIMESHEETS!$F:$F,P$7,TIMESHEETS!$B:$B,$B90) -> 0 | Q89: =SUMIFS(TIMESHEETS!$AQ:$AQ,TIMESHEETS!$F:$F,Q$7,TIMESHEETS!$B:$B,$B90) -> 0 | ... AJ89: =SUMIFS(TIMESHEETS!$AQ:$AQ,TIMESHEETS!$F:$F,AJ$7,TIMESHEETS!$B:$B,$B90) -> 0 | AL89: =H89-SUM(J89:AJ89) -> 0
J90: =SUMIFS(TIMESHEETS!$AO:$AO,TIMESHEETS!$F:$F,J$7,TIMESHEETS!$B:$B,$B90) -> 0 | K90: =SUMIFS(TIMESHEETS!$AO:$AO,TIMESHEETS!$F:$F,K$7,TIMESHEETS!$B:$B,$B90) -> 0 | L90: =SUMIFS(TIMESHEETS!$AO:$AO,TIMESHEETS!$F:$F,L$7,TIMESHEETS!$B:$B,$B90) -> 0 | M90: =SUMIFS(TIMESHEETS!$AO:$AO,TIMESHEETS!$F:$F,M$7,TIMESHEETS!$B:$B,$B90) -> 0 | N90: =SUMIFS(TIMESHEETS!$AO:$AO,TIMESHEETS!$F:$F,N$7,TIMESHEETS!$B:$B,$B90) -> 0 | O90: =SUMIFS(TIMESHEETS!$AO:$AO,TIMESHEETS!$F:$F,O$7,TIMESHEETS!$B:$B,$B90) -> 0 | P90: =SUMIFS(TIMESHEETS!$AO:$AO,TIMESHEETS!$F:$F,P$7,TIMESHEETS!$B:$B,$B90) -> 0 | Q90: =SUMIFS(TIMESHEETS!$AO:$AO,TIMESHEETS!$F:$F,Q$7,TIMESHEETS!$B:$B,$B90) -> 0 | ... AJ90: =SUMIFS(TIMESHEETS!$AO:$AO,TIMESHEETS!$F:$F,AJ$7,TIMESHEETS!$B:$B,$B90) -> 0 | AL90: =H90-SUM(J90:AJ90) -> 0
J92: =SUMIFS(TIMESHEETS!$AQ:$AQ,TIMESHEETS!$F:$F,J$7,TIMESHEETS!$B:$B,$B93) -> 0 | K92: =SUMIFS(TIMESHEETS!$AQ:$AQ,TIMESHEETS!$F:$F,K$7,TIMESHEETS!$B:$B,$B93) -> 0 | L92: =SUMIFS(TIMESHEETS!$AQ:$AQ,TIMESHEETS!$F:$F,L$7,TIMESHEETS!$B:$B,$B93) -> 0 | M92: =SUMIFS(TIMESHEETS!$AQ:$AQ,TIMESHEETS!$F:$F,M$7,TIMESHEETS!$B:$B,$B93) -> 0 | N92: =SUMIFS(TIMESHEETS!$AQ:$AQ,TIMESHEETS!$F:$F,N$7,TIMESHEETS!$B:$B,$B93) -> 0 | O92: =SUMIFS(TIMESHEETS!$AQ:$AQ,TIMESHEETS!$F:$F,O$7,TIMESHEETS!$B:$B,$B93) -> 0 | P92: =SUMIFS(TIMESHEETS!$AQ:$AQ,TIMESHEETS!$F:$F,P$7,TIMESHEETS!$B:$B,$B93) -> 0 | Q92: =SUMIFS(TIMESHEETS!$AQ:$AQ,TIMESHEETS!$F:$F,Q$7,TIMESHEETS!$B:$B,$B93) -> 0 | ... AJ92: =SUMIFS(TIMESHEETS!$AQ:$AQ,TIMESHEETS!$F:$F,AJ$7,TIMESHEETS!$B:$B,$B93) -> 0 | AL92: =H92-SUM(J92:AJ92) -> 0
J93: =SUMIFS(TIMESHEETS!$AO:$AO,TIMESHEETS!$F:$F,J$7,TIMESHEETS!$B:$B,$B93) -> 0 | K93: =SUMIFS(TIMESHEETS!$AO:$AO,TIMESHEETS!$F:$F,K$7,TIMESHEETS!$B:$B,$B93) -> 0 | L93: =SUMIFS(TIMESHEETS!$AO:$AO,TIMESHEETS!$F:$F,L$7,TIMESHEETS!$B:$B,$B93) -> 0 | M93: =SUMIFS(TIMESHEETS!$AO:$AO,TIMESHEETS!$F:$F,M$7,TIMESHEETS!$B:$B,$B93) -> 0 | N93: =SUMIFS(TIMESHEETS!$AO:$AO,TIMESHEETS!$F:$F,N$7,TIMESHEETS!$B:$B,$B93) -> 0 | O93: =SUMIFS(TIMESHEETS!$AO:$AO,TIMESHEETS!$F:$F,O$7,TIMESHEETS!$B:$B,$B93) -> 0 | P93: =SUMIFS(TIMESHEETS!$AO:$AO,TIMESHEETS!$F:$F,P$7,TIMESHEETS!$B:$B,$B93) -> 0 | Q93: =SUMIFS(TIMESHEETS!$AO:$AO,TIMESHEETS!$F:$F,Q$7,TIMESHEETS!$B:$B,$B93) -> 0 | ... AJ93: =SUMIFS(TIMESHEETS!$AO:$AO,TIMESHEETS!$F:$F,AJ$7,TIMESHEETS!$B:$B,$B93) -> 0 | AL93: =H93-SUM(J93:AJ93) -> 0
J95: =SUMIFS(TIMESHEETS!$AQ:$AQ,TIMESHEETS!$F:$F,J$7,TIMESHEETS!$B:$B,$B96) -> 0 | K95: =SUMIFS(TIMESHEETS!$AQ:$AQ,TIMESHEETS!$F:$F,K$7,TIMESHEETS!$B:$B,$B96) -> 0 | L95: =SUMIFS(TIMESHEETS!$AQ:$AQ,TIMESHEETS!$F:$F,L$7,TIMESHEETS!$B:$B,$B96) -> 0 | M95: =SUMIFS(TIMESHEETS!$AQ:$AQ,TIMESHEETS!$F:$F,M$7,TIMESHEETS!$B:$B,$B96) -> 0 | N95: =SUMIFS(TIMESHEETS!$AQ:$AQ,TIMESHEETS!$F:$F,N$7,TIMESHEETS!$B:$B,$B96) -> 0 | O95: =SUMIFS(TIMESHEETS!$AQ:$AQ,TIMESHEETS!$F:$F,O$7,TIMESHEETS!$B:$B,$B96) -> 0 | P95: =SUMIFS(TIMESHEETS!$AQ:$AQ,TIMESHEETS!$F:$F,P$7,TIMESHEETS!$B:$B,$B96) -> 0 | Q95: =SUMIFS(TIMESHEETS!$AQ:$AQ,TIMESHEETS!$F:$F,Q$7,TIMESHEETS!$B:$B,$B96) -> 0 | ... AJ95: =SUMIFS(TIMESHEETS!$AQ:$AQ,TIMESHEETS!$F:$F,AJ$7,TIMESHEETS!$B:$B,$B96) -> 0 | AL95: =H95-SUM(J95:AJ95) -> 0
J96: =SUMIFS(TIMESHEETS!$AO:$AO,TIMESHEETS!$F:$F,J$7,TIMESHEETS!$B:$B,$B96) -> 0 | K96: =SUMIFS(TIMESHEETS!$AO:$AO,TIMESHEETS!$F:$F,K$7,TIMESHEETS!$B:$B,$B96) -> 0 | L96: =SUMIFS(TIMESHEETS!$AO:$AO,TIMESHEETS!$F:$F,L$7,TIMESHEETS!$B:$B,$B96) -> 0 | M96: =SUMIFS(TIMESHEETS!$AO:$AO,TIMESHEETS!$F:$F,M$7,TIMESHEETS!$B:$B,$B96) -> 0 | N96: =SUMIFS(TIMESHEETS!$AO:$AO,TIMESHEETS!$F:$F,N$7,TIMESHEETS!$B:$B,$B96) -> 0 | O96: =SUMIFS(TIMESHEETS!$AO:$AO,TIMESHEETS!$F:$F,O$7,TIMESHEETS!$B:$B,$B96) -> 0 | P96: =SUMIFS(TIMESHEETS!$AO:$AO,TIMESHEETS!$F:$F,P$7,TIMESHEETS!$B:$B,$B96) -> 0 | Q96: =SUMIFS(TIMESHEETS!$AO:$AO,TIMESHEETS!$F:$F,Q$7,TIMESHEETS!$B:$B,$B96) -> 0 | ... AJ96: =SUMIFS(TIMESHEETS!$AO:$AO,TIMESHEETS!$F:$F,AJ$7,TIMESHEETS!$B:$B,$B96) -> 0 | AL96: =H96-SUM(J96:AJ96) -> 0
J98: =SUMIFS(TIMESHEETS!$AQ:$AQ,TIMESHEETS!$F:$F,J$7,TIMESHEETS!$B:$B,$B99) -> 0 | K98: =SUMIFS(TIMESHEETS!$AQ:$AQ,TIMESHEETS!$F:$F,K$7,TIMESHEETS!$B:$B,$B99) -> 0 | L98: =SUMIFS(TIMESHEETS!$AQ:$AQ,TIMESHEETS!$F:$F,L$7,TIMESHEETS!$B:$B,$B99) -> 0 | M98: =SUMIFS(TIMESHEETS!$AQ:$AQ,TIMESHEETS!$F:$F,M$7,TIMESHEETS!$B:$B,$B99) -> 0 | N98: =SUMIFS(TIMESHEETS!$AQ:$AQ,TIMESHEETS!$F:$F,N$7,TIMESHEETS!$B:$B,$B99) -> 0 | O98: =SUMIFS(TIMESHEETS!$AQ:$AQ,TIMESHEETS!$F:$F,O$7,TIMESHEETS!$B:$B,$B99) -> 0 | P98: =SUMIFS(TIMESHEETS!$AQ:$AQ,TIMESHEETS!$F:$F,P$7,TIMESHEETS!$B:$B,$B99) -> 0 | Q98: =SUMIFS(TIMESHEETS!$AQ:$AQ,TIMESHEETS!$F:$F,Q$7,TIMESHEETS!$B:$B,$B99) -> 0 | ... AJ98: =SUMIFS(TIMESHEETS!$AQ:$AQ,TIMESHEETS!$F:$F,AJ$7,TIMESHEETS!$B:$B,$B99) -> 0 | AL98: =H98-SUM(J98:AJ98) -> 0
J99: =SUMIFS(TIMESHEETS!$AO:$AO,TIMESHEETS!$F:$F,J$7,TIMESHEETS!$B:$B,$B99) -> 0 | K99: =SUMIFS(TIMESHEETS!$AO:$AO,TIMESHEETS!$F:$F,K$7,TIMESHEETS!$B:$B,$B99) -> 0 | L99: =SUMIFS(TIMESHEETS!$AO:$AO,TIMESHEETS!$F:$F,L$7,TIMESHEETS!$B:$B,$B99) -> 0 | M99: =SUMIFS(TIMESHEETS!$AO:$AO,TIMESHEETS!$F:$F,M$7,TIMESHEETS!$B:$B,$B99) -> 0 | N99: =SUMIFS(TIMESHEETS!$AO:$AO,TIMESHEETS!$F:$F,N$7,TIMESHEETS!$B:$B,$B99) -> 0 | O99: =SUMIFS(TIMESHEETS!$AO:$AO,TIMESHEETS!$F:$F,O$7,TIMESHEETS!$B:$B,$B99) -> 0 | P99: =SUMIFS(TIMESHEETS!$AO:$AO,TIMESHEETS!$F:$F,P$7,TIMESHEETS!$B:$B,$B99) -> 0 | Q99: =SUMIFS(TIMESHEETS!$AO:$AO,TIMESHEETS!$F:$F,Q$7,TIMESHEETS!$B:$B,$B99) -> 0 | ... AJ99: =SUMIFS(TIMESHEETS!$AO:$AO,TIMESHEETS!$F:$F,AJ$7,TIMESHEETS!$B:$B,$B99) -> 0 | AL99: =H99-SUM(J99:AJ99) -> 0
J101: =SUMIFS(TIMESHEETS!$AQ:$AQ,TIMESHEETS!$F:$F,J$7,TIMESHEETS!$B:$B,$B102) -> 0 | K101: =SUMIFS(TIMESHEETS!$AQ:$AQ,TIMESHEETS!$F:$F,K$7,TIMESHEETS!$B:$B,$B102) -> 0 | L101: =SUMIFS(TIMESHEETS!$AQ:$AQ,TIMESHEETS!$F:$F,L$7,TIMESHEETS!$B:$B,$B102) -> 0 | M101: =SUMIFS(TIMESHEETS!$AQ:$AQ,TIMESHEETS!$F:$F,M$7,TIMESHEETS!$B:$B,$B102) -> 0 | N101: =SUMIFS(TIMESHEETS!$AQ:$AQ,TIMESHEETS!$F:$F,N$7,TIMESHEETS!$B:$B,$B102) -> 0 | O101: =SUMIFS(TIMESHEETS!$AQ:$AQ,TIMESHEETS!$F:$F,O$7,TIMESHEETS!$B:$B,$B102) -> 0 | P101: =SUMIFS(TIMESHEETS!$AQ:$AQ,TIMESHEETS!$F:$F,P$7,TIMESHEETS!$B:$B,$B102) -> 0 | Q101: =SUMIFS(TIMESHEETS!$AQ:$AQ,TIMESHEETS!$F:$F,Q$7,TIMESHEETS!$B:$B,$B102) -> 0 | ... AJ101: =SUMIFS(TIMESHEETS!$AQ:$AQ,TIMESHEETS!$F:$F,AJ$7,TIMESHEETS!$B:$B,$B102) -> 0 | AL101: =H101-SUM(J101:AJ101) -> 0
J102: =SUMIFS(TIMESHEETS!$AO:$AO,TIMESHEETS!$F:$F,J$7,TIMESHEETS!$B:$B,$B102) -> 0 | K102: =SUMIFS(TIMESHEETS!$AO:$AO,TIMESHEETS!$F:$F,K$7,TIMESHEETS!$B:$B,$B102) -> 0 | L102: =SUMIFS(TIMESHEETS!$AO:$AO,TIMESHEETS!$F:$F,L$7,TIMESHEETS!$B:$B,$B102) -> 0 | M102: =SUMIFS(TIMESHEETS!$AO:$AO,TIMESHEETS!$F:$F,M$7,TIMESHEETS!$B:$B,$B102) -> 0 | N102: =SUMIFS(TIMESHEETS!$AO:$AO,TIMESHEETS!$F:$F,N$7,TIMESHEETS!$B:$B,$B102) -> 0 | O102: =SUMIFS(TIMESHEETS!$AO:$AO,TIMESHEETS!$F:$F,O$7,TIMESHEETS!$B:$B,$B102) -> 0 | P102: =SUMIFS(TIMESHEETS!$AO:$AO,TIMESHEETS!$F:$F,P$7,TIMESHEETS!$B:$B,$B102) -> 0 | Q102: =SUMIFS(TIMESHEETS!$AO:$AO,TIMESHEETS!$F:$F,Q$7,TIMESHEETS!$B:$B,$B102) -> 0 | ... AJ102: =SUMIFS(TIMESHEETS!$AO:$AO,TIMESHEETS!$F:$F,AJ$7,TIMESHEETS!$B:$B,$B102) -> 0 | AL102: =H102-SUM(J102:AJ102) -> 0
J104: =SUMIFS(TIMESHEETS!$AQ:$AQ,TIMESHEETS!$F:$F,J$7,TIMESHEETS!$B:$B,$B105) -> 0 | K104: =SUMIFS(TIMESHEETS!$AQ:$AQ,TIMESHEETS!$F:$F,K$7,TIMESHEETS!$B:$B,$B105) -> 0 | L104: =SUMIFS(TIMESHEETS!$AQ:$AQ,TIMESHEETS!$F:$F,L$7,TIMESHEETS!$B:$B,$B105) -> 0 | M104: =SUMIFS(TIMESHEETS!$AQ:$AQ,TIMESHEETS!$F:$F,M$7,TIMESHEETS!$B:$B,$B105) -> 0 | N104: =SUMIFS(TIMESHEETS!$AQ:$AQ,TIMESHEETS!$F:$F,N$7,TIMESHEETS!$B:$B,$B105) -> 0 | O104: =SUMIFS(TIMESHEETS!$AQ:$AQ,TIMESHEETS!$F:$F,O$7,TIMESHEETS!$B:$B,$B105) -> 0 | P104: =SUMIFS(TIMESHEETS!$AQ:$AQ,TIMESHEETS!$F:$F,P$7,TIMESHEETS!$B:$B,$B105) -> 0 | Q104: =SUMIFS(TIMESHEETS!$AQ:$AQ,TIMESHEETS!$F:$F,Q$7,TIMESHEETS!$B:$B,$B105) -> 0 | ... AJ104: =SUMIFS(TIMESHEETS!$AQ:$AQ,TIMESHEETS!$F:$F,AJ$7,TIMESHEETS!$B:$B,$B105) -> 0 | AL104: =H104-SUM(J104:AJ104) -> 0
J105: =SUMIFS(TIMESHEETS!$AO:$AO,TIMESHEETS!$F:$F,J$7,TIMESHEETS!$B:$B,$B105) -> 0 | K105: =SUMIFS(TIMESHEETS!$AO:$AO,TIMESHEETS!$F:$F,K$7,TIMESHEETS!$B:$B,$B105) -> 0 | L105: =SUMIFS(TIMESHEETS!$AO:$AO,TIMESHEETS!$F:$F,L$7,TIMESHEETS!$B:$B,$B105) -> 0 | M105: =SUMIFS(TIMESHEETS!$AO:$AO,TIMESHEETS!$F:$F,M$7,TIMESHEETS!$B:$B,$B105) -> 0 | N105: =SUMIFS(TIMESHEETS!$AO:$AO,TIMESHEETS!$F:$F,N$7,TIMESHEETS!$B:$B,$B105) -> 0 | O105: =SUMIFS(TIMESHEETS!$AO:$AO,TIMESHEETS!$F:$F,O$7,TIMESHEETS!$B:$B,$B105) -> 0 | P105: =SUMIFS(TIMESHEETS!$AO:$AO,TIMESHEETS!$F:$F,P$7,TIMESHEETS!$B:$B,$B105) -> 0 | Q105: =SUMIFS(TIMESHEETS!$AO:$AO,TIMESHEETS!$F:$F,Q$7,TIMESHEETS!$B:$B,$B105) -> 0 | ... AJ105: =SUMIFS(TIMESHEETS!$AO:$AO,TIMESHEETS!$F:$F,AJ$7,TIMESHEETS!$B:$B,$B105) -> 0 | AL105: =H105-SUM(J105:AJ105) -> 0
J107: =SUMIFS(TIMESHEETS!$AQ:$AQ,TIMESHEETS!$F:$F,J$7,TIMESHEETS!$B:$B,$B108) -> 0 | K107: =SUMIFS(TIMESHEETS!$AQ:$AQ,TIMESHEETS!$F:$F,K$7,TIMESHEETS!$B:$B,$B108) -> 0 | L107: =SUMIFS(TIMESHEETS!$AQ:$AQ,TIMESHEETS!$F:$F,L$7,TIMESHEETS!$B:$B,$B108) -> 0 | M107: =SUMIFS(TIMESHEETS!$AQ:$AQ,TIMESHEETS!$F:$F,M$7,TIMESHEETS!$B:$B,$B108) -> 0 | N107: =SUMIFS(TIMESHEETS!$AQ:$AQ,TIMESHEETS!$F:$F,N$7,TIMESHEETS!$B:$B,$B108) -> 0 | O107: =SUMIFS(TIMESHEETS!$AQ:$AQ,TIMESHEETS!$F:$F,O$7,TIMESHEETS!$B:$B,$B108) -> 0 | P107: =SUMIFS(TIMESHEETS!$AQ:$AQ,TIMESHEETS!$F:$F,P$7,TIMESHEETS!$B:$B,$B108) -> 0 | Q107: =SUMIFS(TIMESHEETS!$AQ:$AQ,TIMESHEETS!$F:$F,Q$7,TIMESHEETS!$B:$B,$B108) -> 0 | ... AJ107: =SUMIFS(TIMESHEETS!$AQ:$AQ,TIMESHEETS!$F:$F,AJ$7,TIMESHEETS!$B:$B,$B108) -> 0 | AL107: =H107-SUM(J107:AJ107) -> 0
J108: =SUMIFS(TIMESHEETS!$AO:$AO,TIMESHEETS!$F:$F,J$7,TIMESHEETS!$B:$B,$B108) -> 0 | K108: =SUMIFS(TIMESHEETS!$AO:$AO,TIMESHEETS!$F:$F,K$7,TIMESHEETS!$B:$B,$B108) -> 0 | L108: =SUMIFS(TIMESHEETS!$AO:$AO,TIMESHEETS!$F:$F,L$7,TIMESHEETS!$B:$B,$B108) -> 0 | M108: =SUMIFS(TIMESHEETS!$AO:$AO,TIMESHEETS!$F:$F,M$7,TIMESHEETS!$B:$B,$B108) -> 0 | N108: =SUMIFS(TIMESHEETS!$AO:$AO,TIMESHEETS!$F:$F,N$7,TIMESHEETS!$B:$B,$B108) -> 0 | O108: =SUMIFS(TIMESHEETS!$AO:$AO,TIMESHEETS!$F:$F,O$7,TIMESHEETS!$B:$B,$B108) -> 0 | P108: =SUMIFS(TIMESHEETS!$AO:$AO,TIMESHEETS!$F:$F,P$7,TIMESHEETS!$B:$B,$B108) -> 0 | Q108: =SUMIFS(TIMESHEETS!$AO:$AO,TIMESHEETS!$F:$F,Q$7,TIMESHEETS!$B:$B,$B108) -> 0 | ... AJ108: =SUMIFS(TIMESHEETS!$AO:$AO,TIMESHEETS!$F:$F,AJ$7,TIMESHEETS!$B:$B,$B108) -> 0 | AL108: =H108-SUM(J108:AJ108) -> 0
J110: =SUMIFS(TIMESHEETS!$AQ:$AQ,TIMESHEETS!$F:$F,J$7,TIMESHEETS!$B:$B,$B111) -> 0 | K110: =SUMIFS(TIMESHEETS!$AQ:$AQ,TIMESHEETS!$F:$F,K$7,TIMESHEETS!$B:$B,$B111) -> 0 | L110: =SUMIFS(TIMESHEETS!$AQ:$AQ,TIMESHEETS!$F:$F,L$7,TIMESHEETS!$B:$B,$B111) -> 0 | M110: =SUMIFS(TIMESHEETS!$AQ:$AQ,TIMESHEETS!$F:$F,M$7,TIMESHEETS!$B:$B,$B111) -> 0 | N110: =SUMIFS(TIMESHEETS!$AQ:$AQ,TIMESHEETS!$F:$F,N$7,TIMESHEETS!$B:$B,$B111) -> 0 | O110: =SUMIFS(TIMESHEETS!$AQ:$AQ,TIMESHEETS!$F:$F,O$7,TIMESHEETS!$B:$B,$B111) -> 0 | P110: =SUMIFS(TIMESHEETS!$AQ:$AQ,TIMESHEETS!$F:$F,P$7,TIMESHEETS!$B:$B,$B111) -> 0 | Q110: =SUMIFS(TIMESHEETS!$AQ:$AQ,TIMESHEETS!$F:$F,Q$7,TIMESHEETS!$B:$B,$B111) -> 0 | ... AJ110: =SUMIFS(TIMESHEETS!$AQ:$AQ,TIMESHEETS!$F:$F,AJ$7,TIMESHEETS!$B:$B,$B111) -> 0 | AL110: =H110-SUM(J110:AJ110) -> 0
J111: =SUMIFS(TIMESHEETS!$AO:$AO,TIMESHEETS!$F:$F,J$7,TIMESHEETS!$B:$B,$B111) -> 0 | K111: =SUMIFS(TIMESHEETS!$AO:$AO,TIMESHEETS!$F:$F,K$7,TIMESHEETS!$B:$B,$B111) -> 0 | L111: =SUMIFS(TIMESHEETS!$AO:$AO,TIMESHEETS!$F:$F,L$7,TIMESHEETS!$B:$B,$B111) -> 0 | M111: =SUMIFS(TIMESHEETS!$AO:$AO,TIMESHEETS!$F:$F,M$7,TIMESHEETS!$B:$B,$B111) -> 0 | N111: =SUMIFS(TIMESHEETS!$AO:$AO,TIMESHEETS!$F:$F,N$7,TIMESHEETS!$B:$B,$B111) -> 0 | O111: =SUMIFS(TIMESHEETS!$AO:$AO,TIMESHEETS!$F:$F,O$7,TIMESHEETS!$B:$B,$B111) -> 0 | P111: =SUMIFS(TIMESHEETS!$AO:$AO,TIMESHEETS!$F:$F,P$7,TIMESHEETS!$B:$B,$B111) -> 0 | Q111: =SUMIFS(TIMESHEETS!$AO:$AO,TIMESHEETS!$F:$F,Q$7,TIMESHEETS!$B:$B,$B111) -> 0 | ... AJ111: =SUMIFS(TIMESHEETS!$AO:$AO,TIMESHEETS!$F:$F,AJ$7,TIMESHEETS!$B:$B,$B111) -> 0 | AL111: =H111-SUM(J111:AJ111) -> 0
J113: =SUMIFS(TIMESHEETS!$AQ:$AQ,TIMESHEETS!$F:$F,J$7,TIMESHEETS!$B:$B,$B114) -> 0 | K113: =SUMIFS(TIMESHEETS!$AQ:$AQ,TIMESHEETS!$F:$F,K$7,TIMESHEETS!$B:$B,$B114) -> 0 | L113: =SUMIFS(TIMESHEETS!$AQ:$AQ,TIMESHEETS!$F:$F,L$7,TIMESHEETS!$B:$B,$B114) -> 0 | M113: =SUMIFS(TIMESHEETS!$AQ:$AQ,TIMESHEETS!$F:$F,M$7,TIMESHEETS!$B:$B,$B114) -> 0 | N113: =SUMIFS(TIMESHEETS!$AQ:$AQ,TIMESHEETS!$F:$F,N$7,TIMESHEETS!$B:$B,$B114) -> 0 | O113: =SUMIFS(TIMESHEETS!$AQ:$AQ,TIMESHEETS!$F:$F,O$7,TIMESHEETS!$B:$B,$B114) -> 0 | P113: =SUMIFS(TIMESHEETS!$AQ:$AQ,TIMESHEETS!$F:$F,P$7,TIMESHEETS!$B:$B,$B114) -> 0 | Q113: =SUMIFS(TIMESHEETS!$AQ:$AQ,TIMESHEETS!$F:$F,Q$7,TIMESHEETS!$B:$B,$B114) -> 0 | ... AJ113: =SUMIFS(TIMESHEETS!$AQ:$AQ,TIMESHEETS!$F:$F,AJ$7,TIMESHEETS!$B:$B,$B114) -> 0 | AL113: =H113-SUM(J113:AJ113) -> 0
J114: =SUMIFS(TIMESHEETS!$AO:$AO,TIMESHEETS!$F:$F,J$7,TIMESHEETS!$B:$B,$B114) -> 0 | K114: =SUMIFS(TIMESHEETS!$AO:$AO,TIMESHEETS!$F:$F,K$7,TIMESHEETS!$B:$B,$B114) -> 0 | L114: =SUMIFS(TIMESHEETS!$AO:$AO,TIMESHEETS!$F:$F,L$7,TIMESHEETS!$B:$B,$B114) -> 0 | M114: =SUMIFS(TIMESHEETS!$AO:$AO,TIMESHEETS!$F:$F,M$7,TIMESHEETS!$B:$B,$B114) -> 0 | N114: =SUMIFS(TIMESHEETS!$AO:$AO,TIMESHEETS!$F:$F,N$7,TIMESHEETS!$B:$B,$B114) -> 0 | O114: =SUMIFS(TIMESHEETS!$AO:$AO,TIMESHEETS!$F:$F,O$7,TIMESHEETS!$B:$B,$B114) -> 0 | P114: =SUMIFS(TIMESHEETS!$AO:$AO,TIMESHEETS!$F:$F,P$7,TIMESHEETS!$B:$B,$B114) -> 0 | Q114: =SUMIFS(TIMESHEETS!$AO:$AO,TIMESHEETS!$F:$F,Q$7,TIMESHEETS!$B:$B,$B114) -> 0 | ... AJ114: =SUMIFS(TIMESHEETS!$AO:$AO,TIMESHEETS!$F:$F,AJ$7,TIMESHEETS!$B:$B,$B114) -> 0 | AL114: =H114-SUM(J114:AJ114) -> 0
J116: =SUMIFS(TIMESHEETS!$AQ:$AQ,TIMESHEETS!$F:$F,J$7,TIMESHEETS!$B:$B,$B117) -> 0 | K116: =SUMIFS(TIMESHEETS!$AQ:$AQ,TIMESHEETS!$F:$F,K$7,TIMESHEETS!$B:$B,$B117) -> 0 | L116: =SUMIFS(TIMESHEETS!$AQ:$AQ,TIMESHEETS!$F:$F,L$7,TIMESHEETS!$B:$B,$B117) -> 0 | M116: =SUMIFS(TIMESHEETS!$AQ:$AQ,TIMESHEETS!$F:$F,M$7,TIMESHEETS!$B:$B,$B117) -> 0 | N116: =SUMIFS(TIMESHEETS!$AQ:$AQ,TIMESHEETS!$F:$F,N$7,TIMESHEETS!$B:$B,$B117) -> 0 | O116: =SUMIFS(TIMESHEETS!$AQ:$AQ,TIMESHEETS!$F:$F,O$7,TIMESHEETS!$B:$B,$B117) -> 0 | P116: =SUMIFS(TIMESHEETS!$AQ:$AQ,TIMESHEETS!$F:$F,P$7,TIMESHEETS!$B:$B,$B117) -> 0 | Q116: =SUMIFS(TIMESHEETS!$AQ:$AQ,TIMESHEETS!$F:$F,Q$7,TIMESHEETS!$B:$B,$B117) -> 0 | ... AJ116: =SUMIFS(TIMESHEETS!$AQ:$AQ,TIMESHEETS!$F:$F,AJ$7,TIMESHEETS!$B:$B,$B117) -> 0 | AL116: =H116-SUM(J116:AJ116) -> 0
J117: =SUMIFS(TIMESHEETS!$AO:$AO,TIMESHEETS!$F:$F,J$7,TIMESHEETS!$B:$B,$B117) -> 0 | K117: =SUMIFS(TIMESHEETS!$AO:$AO,TIMESHEETS!$F:$F,K$7,TIMESHEETS!$B:$B,$B117) -> 0 | L117: =SUMIFS(TIMESHEETS!$AO:$AO,TIMESHEETS!$F:$F,L$7,TIMESHEETS!$B:$B,$B117) -> 0 | M117: =SUMIFS(TIMESHEETS!$AO:$AO,TIMESHEETS!$F:$F,M$7,TIMESHEETS!$B:$B,$B117) -> 0 | N117: =SUMIFS(TIMESHEETS!$AO:$AO,TIMESHEETS!$F:$F,N$7,TIMESHEETS!$B:$B,$B117) -> 0 | O117: =SUMIFS(TIMESHEETS!$AO:$AO,TIMESHEETS!$F:$F,O$7,TIMESHEETS!$B:$B,$B117) -> 0 | P117: =SUMIFS(TIMESHEETS!$AO:$AO,TIMESHEETS!$F:$F,P$7,TIMESHEETS!$B:$B,$B117) -> 0 | Q117: =SUMIFS(TIMESHEETS!$AO:$AO,TIMESHEETS!$F:$F,Q$7,TIMESHEETS!$B:$B,$B117) -> 0 | ... AJ117: =SUMIFS(TIMESHEETS!$AO:$AO,TIMESHEETS!$F:$F,AJ$7,TIMESHEETS!$B:$B,$B117) -> 0 | AL117: =H117-SUM(J117:AJ117) -> 0
J119: =SUMIFS(TIMESHEETS!$AQ:$AQ,TIMESHEETS!$F:$F,J$7,TIMESHEETS!$B:$B,$B120) -> 0 | K119: =SUMIFS(TIMESHEETS!$AQ:$AQ,TIMESHEETS!$F:$F,K$7,TIMESHEETS!$B:$B,$B120) -> 0 | L119: =SUMIFS(TIMESHEETS!$AQ:$AQ,TIMESHEETS!$F:$F,L$7,TIMESHEETS!$B:$B,$B120) -> 0 | M119: =SUMIFS(TIMESHEETS!$AQ:$AQ,TIMESHEETS!$F:$F,M$7,TIMESHEETS!$B:$B,$B120) -> 0 | N119: =SUMIFS(TIMESHEETS!$AQ:$AQ,TIMESHEETS!$F:$F,N$7,TIMESHEETS!$B:$B,$B120) -> 0 | O119: =SUMIFS(TIMESHEETS!$AQ:$AQ,TIMESHEETS!$F:$F,O$7,TIMESHEETS!$B:$B,$B120) -> 0 | P119: =SUMIFS(TIMESHEETS!$AQ:$AQ,TIMESHEETS!$F:$F,P$7,TIMESHEETS!$B:$B,$B120) -> 0 | Q119: =SUMIFS(TIMESHEETS!$AQ:$AQ,TIMESHEETS!$F:$F,Q$7,TIMESHEETS!$B:$B,$B120) -> 0 | ... AJ119: =SUMIFS(TIMESHEETS!$AQ:$AQ,TIMESHEETS!$F:$F,AJ$7,TIMESHEETS!$B:$B,$B120) -> 0 | AL119: =H119-SUM(J119:AJ119) -> 0
J120: =SUMIFS(TIMESHEETS!$AO:$AO,TIMESHEETS!$F:$F,J$7,TIMESHEETS!$B:$B,$B120) -> 0 | K120: =SUMIFS(TIMESHEETS!$AO:$AO,TIMESHEETS!$F:$F,K$7,TIMESHEETS!$B:$B,$B120) -> 0 | L120: =SUMIFS(TIMESHEETS!$AO:$AO,TIMESHEETS!$F:$F,L$7,TIMESHEETS!$B:$B,$B120) -> 0 | M120: =SUMIFS(TIMESHEETS!$AO:$AO,TIMESHEETS!$F:$F,M$7,TIMESHEETS!$B:$B,$B120) -> 0 | N120: =SUMIFS(TIMESHEETS!$AO:$AO,TIMESHEETS!$F:$F,N$7,TIMESHEETS!$B:$B,$B120) -> 0 | O120: =SUMIFS(TIMESHEETS!$AO:$AO,TIMESHEETS!$F:$F,O$7,TIMESHEETS!$B:$B,$B120) -> 0 | P120: =SUMIFS(TIMESHEETS!$AO:$AO,TIMESHEETS!$F:$F,P$7,TIMESHEETS!$B:$B,$B120) -> 0 | Q120: =SUMIFS(TIMESHEETS!$AO:$AO,TIMESHEETS!$F:$F,Q$7,TIMESHEETS!$B:$B,$B120) -> 0 | ... AJ120: =SUMIFS(TIMESHEETS!$AO:$AO,TIMESHEETS!$F:$F,AJ$7,TIMESHEETS!$B:$B,$B120) -> 0 | AL120: =H120-SUM(J120:AJ120) -> 0
J122: =SUMIFS(TIMESHEETS!$AQ:$AQ,TIMESHEETS!$F:$F,J$7,TIMESHEETS!$B:$B,$B123) -> 0 | K122: =SUMIFS(TIMESHEETS!$AQ:$AQ,TIMESHEETS!$F:$F,K$7,TIMESHEETS!$B:$B,$B123) -> 0 | L122: =SUMIFS(TIMESHEETS!$AQ:$AQ,TIMESHEETS!$F:$F,L$7,TIMESHEETS!$B:$B,$B123) -> 0 | M122: =SUMIFS(TIMESHEETS!$AQ:$AQ,TIMESHEETS!$F:$F,M$7,TIMESHEETS!$B:$B,$B123) -> 0 | N122: =SUMIFS(TIMESHEETS!$AQ:$AQ,TIMESHEETS!$F:$F,N$7,TIMESHEETS!$B:$B,$B123) -> 0 | O122: =SUMIFS(TIMESHEETS!$AQ:$AQ,TIMESHEETS!$F:$F,O$7,TIMESHEETS!$B:$B,$B123) -> 0 | P122: =SUMIFS(TIMESHEETS!$AQ:$AQ,TIMESHEETS!$F:$F,P$7,TIMESHEETS!$B:$B,$B123) -> 0 | Q122: =SUMIFS(TIMESHEETS!$AQ:$AQ,TIMESHEETS!$F:$F,Q$7,TIMESHEETS!$B:$B,$B123) -> 0 | ... AJ122: =SUMIFS(TIMESHEETS!$AQ:$AQ,TIMESHEETS!$F:$F,AJ$7,TIMESHEETS!$B:$B,$B123) -> 0 | AL122: =H122-SUM(J122:AJ122) -> 0
J123: =SUMIFS(TIMESHEETS!$AO:$AO,TIMESHEETS!$F:$F,J$7,TIMESHEETS!$B:$B,$B123) -> 0 | K123: =SUMIFS(TIMESHEETS!$AO:$AO,TIMESHEETS!$F:$F,K$7,TIMESHEETS!$B:$B,$B123) -> 0 | L123: =SUMIFS(TIMESHEETS!$AO:$AO,TIMESHEETS!$F:$F,L$7,TIMESHEETS!$B:$B,$B123) -> 0 | M123: =SUMIFS(TIMESHEETS!$AO:$AO,TIMESHEETS!$F:$F,M$7,TIMESHEETS!$B:$B,$B123) -> 0 | N123: =SUMIFS(TIMESHEETS!$AO:$AO,TIMESHEETS!$F:$F,N$7,TIMESHEETS!$B:$B,$B123) -> 0 | O123: =SUMIFS(TIMESHEETS!$AO:$AO,TIMESHEETS!$F:$F,O$7,TIMESHEETS!$B:$B,$B123) -> 0 | P123: =SUMIFS(TIMESHEETS!$AO:$AO,TIMESHEETS!$F:$F,P$7,TIMESHEETS!$B:$B,$B123) -> 0 | Q123: =SUMIFS(TIMESHEETS!$AO:$AO,TIMESHEETS!$F:$F,Q$7,TIMESHEETS!$B:$B,$B123) -> 0 | ... AJ123: =SUMIFS(TIMESHEETS!$AO:$AO,TIMESHEETS!$F:$F,AJ$7,TIMESHEETS!$B:$B,$B123) -> 0 | AL123: =H123-SUM(J123:AJ123) -> 0
